serialno,brokersymbol,exchangesymbol,displayname,type,exchange,primaryexchange,currency,expiry,option,right,minsize,barstarttime,streaming,strikedistance,strategy
0,NIFTY50,NSENIFTY,,IND,NSE,,INR,,,,1,,1,0,DATA
1,BANKNIFTY,BANKNIFTY,,IND,NSE,,INR,,,,40,,1,100.0,DATA
2,NIFTY50,NSENIFTY,,FUT,NSE,,INR,20180125,,,75,,1,100.0,DATA
3,NIFTY50,NSENIFTY,,FUT,NSE,,INR,20180222,,,75,,1,100.0,DATA
4,EICHERMOT,EICHERMOT,,STK,NSE,,INR,,,,1,,1,50.0,DATA
5,TATACHEM,TATACHEM,,STK,NSE,,INR,,,,1,,1,10.0,DATA
6,PNB,PNB,,STK,NSE,,INR,,,,1,,1,10.0,DATA
7,HINDUNILV,HINDUNILVR,,STK,NSE,,INR,,,,1,,1,20.0,DATA
8,AUROPHARM,AUROPHARMA,,STK,NSE,,INR,,,,1,,1,20.0,DATA
9,TATAMOTOR,TATAMOTORS,,STK,NSE,,INR,,,,1,,1,10.0,DATA
10,UPL,UPL,,STK,NSE,,INR,,,,1,,1,20.0,DATA
11,INDUSINDB,INDUSINDBK,,STK,NSE,,INR,,,,1,,1,20.0,DATA
12,SUNPHARMA,SUNPHARMA,,STK,NSE,,INR,,,,1,,1,10.0,DATA
13,LUPIN,LUPIN,,STK,NSE,,INR,,,,1,,1,20.0,DATA
14,NTPC,NTPC,,STK,NSE,,INR,,,,1,,1,2.5,DATA
15,DABUR,DABUR,,STK,NSE,,INR,,,,1,,1,5.0,DATA
16,TATAPOWER,TATAPOWER,,STK,NSE,,INR,,,,1,,1,2.5,DATA
17,BPCL,BPCL,,STK,NSE,,INR,,,,1,,1,10.0,DATA
18,RELCAPITA,RELCAPITAL,,STK,NSE,,INR,,,,1,,1,20.0,DATA
19,JINDALSTE,JINDALSTEL,,STK,NSE,,INR,,,,1,,1,5.0,DATA
20,POWERGRID,POWERGRID,,STK,NSE,,INR,,,,1,,1,2.5,DATA
21,BAJAJ-AUT,BAJAJ-AUTO,,STK,NSE,,INR,,,,1,,1,50.0,DATA
22,BAJFINANC,BAJFINANCE,,STK,NSE,,INR,,,,1,,1,50.0,DATA
23,IDFC,IDFC,,STK,NSE,,INR,,,,1,,1,2.5,DATA
24,INFRATEL,INFRATEL,,STK,NSE,,INR,,,,1,,1,10.0,DATA
25,ZEEL,ZEEL,,STK,NSE,,INR,,,,1,,1,10.0,DATA
26,HINDALCO,HINDALCO,,STK,NSE,,INR,,,,1,,1,5.0,DATA
27,RELIANCE,RELIANCE,,STK,NSE,,INR,,,,1,,1,20.0,DATA
28,CASTROLIN,CASTROLIND,,STK,NSE,,INR,,,,1,,1,2.5,DATA
29,ICICIBANK,ICICIBANK,,STK,NSE,,INR,,,,1,,1,5.0,DATA
30,DRREDDY,DRREDDY,,STK,NSE,,INR,,,,1,,1,50.0,DATA
31,HINDPETRO,HINDPETRO,,STK,NSE,,INR,,,,1,,1,10.0,DATA
32,CIPLA,CIPLA,,STK,NSE,,INR,,,,1,,1,10.0,DATA
33,TATAMTRDV,TATAMTRDVR,,STK,NSE,,INR,,,,1,,1,5.0,DATA
34,COALINDIA,COALINDIA,,STK,NSE,,INR,,,,1,,1,5.0,DATA
35,NMDC,NMDC,,STK,NSE,,INR,,,,1,,1,2.5,DATA
36,GAIL,GAIL,,STK,NSE,,INR,,,,1,,1,10.0,DATA
37,VEDL,VEDL,,STK,NSE,,INR,,,,1,,1,10.0,DATA
38,ACC,ACC,,STK,NSE,,INR,,,,1,,1,20.0,DATA
39,HEROMOTOC,HEROMOTOCO,,STK,NSE,,INR,,,,1,,1,50.0,DATA
40,BHEL,BHEL,,STK,NSE,,INR,,,,1,,1,2.5,DATA
41,ITC,ITC,,STK,NSE,,INR,,,,1,,1,5.0,DATA
42,IBULHSGFI,IBULHSGFIN,,STK,NSE,,INR,,,,1,,1,20.0,DATA
43,TATASTEEL,TATASTEEL,,STK,NSE,,INR,,,,1,,1,10.0,DATA
44,BHARTIART,BHARTIARTL,,STK,NSE,,INR,,,,1,,1,10.0,DATA
45,BRITANNIA,BRITANNIA,,STK,NSE,,INR,,,,1,,1,50.0,DATA
46,LT,LT,,STK,NSE,,INR,,,,1,,1,20.0,DATA
47,SUZLON,SUZLON,,STK,NSE,,INR,,,,1,,1,2.5,DATA
48,GRASIM,GRASIM,,STK,NSE,,INR,,,,1,,1,20.0,DATA
49,SBIN,SBIN,,STK,NSE,,INR,,,,1,,1,5.0,DATA
50,MARUTI,MARUTI,,STK,NSE,,INR,,,,1,,1,50.0,DATA
51,WIPRO,WIPRO,,STK,NSE,,INR,,,,1,,1,5.0,DATA
52,NESTLEIND,NESTLEIND,,STK,NSE,,INR,,,,1,,1,50.0,DATA
53,HDFC,HDFC,,STK,NSE,,INR,,,,1,,1,20.0,DATA
54,INFY,INFY,,STK,NSE,,INR,,,,1,,1,20.0,DATA
55,ADANIPORT,ADANIPORTS,,STK,NSE,,INR,,,,1,,1,10.0,DATA
56,RPOWER,RPOWER,,STK,NSE,,INR,,,,1,,1,2.5,DATA
57,SIEMENS,SIEMENS,,STK,NSE,,INR,,,,1,,1,20.0,DATA
58,HCLTECH,HCLTECH,,STK,NSE,,INR,,,,1,,1,20.0,DATA
59,ORIENTBAN,ORIENTBANK,,STK,NSE,,INR,,,,1,,1,5.0,DATA
60,MCDOWELL-,MCDOWELL-N,,STK,NSE,,INR,,,,1,,1,50.0,DATA
61,TECHM,TECHM,,STK,NSE,,INR,,,,1,,1,10.0,DATA
62,JETAIRWAY,JETAIRWAYS,,STK,NSE,,INR,,,,1,,1,20.0,DATA
63,DLF,DLF,,STK,NSE,,INR,,,,1,,1,10.0,DATA
64,TATACOMM,TATACOMM,,STK,NSE,,INR,,,,1,,1,20.0,DATA
65,TCS,TCS,,STK,NSE,,INR,,,,1,,1,50.0,DATA
66,AMBUJACEM,AMBUJACEM,,STK,NSE,,INR,,,,1,,1,5.0,DATA
67,HDFCBANK,HDFCBANK,,STK,NSE,,INR,,,,1,,1,20.0,DATA
68,BANKBAROD,BANKBARODA,,STK,NSE,,INR,,,,1,,1,5.0,DATA
69,AXISBANK,AXISBANK,,STK,NSE,,INR,,,,1,,1,10.0,DATA
70,RELINFRA,RELINFRA,,STK,NSE,,INR,,,,1,,1,20.0,DATA
71,IDEA,IDEA,,STK,NSE,,INR,,,,1,,1,2.5,DATA
72,SAIL,SAIL,,STK,NSE,,INR,,,,1,,1,2.5,DATA
73,ASIANPAIN,ASIANPAINT,,STK,NSE,,INR,,,,1,,1,20.0,DATA
74,ULTRACEMC,ULTRACEMCO,,STK,NSE,,INR,,,,1,,1,50.0,DATA
75,IOC,IOC,,STK,NSE,,INR,,,,1,,1,10.0,DATA
76,ONGC,ONGC,,STK,NSE,,INR,,,,1,,1,2.5,DATA
77,BOSCHLTD,BOSCHLTD,,STK,NSE,,INR,,,,1,,1,50.0,DATA
78,JPASSOCIA,JPASSOCIAT,,STK,NSE,,INR,,,,1,,1,2.5,DATA
79,RCOM,RCOM,,STK,NSE,,INR,,,,1,,1,2.5,DATA
80,KOTAKBANK,KOTAKBANK,,STK,NSE,,INR,,,,1,,1,20.0,DATA
81,MM,M&M,,STK,NSE,,INR,,,,1,,1,10.0,DATA
82,YESBANK,YESBANK,,STK,NSE,,INR,,,,1,,1,10.0,DATA
83,SREINFRA,SREINFRA,,FUT,NSE,,INR,20180125,,,5000,,3,2.5,DATA
84,EICHERMOT,EICHERMOT,,FUT,NSE,,INR,20180125,,,25,,2,50.0,DATA
85,PNB,PNB,,FUT,NSE,,INR,20180125,,,4000,,2,10.0,DATA
86,JSWENERGY,JSWENERGY,,FUT,NSE,,INR,20180125,,,8500,,3,2.5,DATA
87,TV18BRDCS,TV18BRDCST,,FUT,NSE,,INR,20180125,,,17000,,3,2.5,DATA
88,INDUSINDB,INDUSINDBK,,FUT,NSE,,INR,20180125,,,300,,2,20.0,DATA
89,CONCOR,CONCOR,,FUT,NSE,,INR,20180125,,,625,,3,20.0,DATA
90,SUNPHARMA,SUNPHARMA,,FUT,NSE,,INR,20180125,,,1100,,2,10.0,DATA
91,NTPC,NTPC,,FUT,NSE,,INR,20180125,,,4000,,2,2.5,DATA
92,ASHOKLEY,ASHOKLEY,,FUT,NSE,,INR,20180125,,,7000,,3,2.5,DATA
93,NIITTECH,NIITTECH,,FUT,NSE,,INR,20180125,,,1500,,3,10.0,DATA
94,RELCAPITA,RELCAPITAL,,FUT,NSE,,INR,20180125,,,750,,2,20.0,DATA
95,TATAPOWER,TATAPOWER,,FUT,NSE,,INR,20180125,,,9000,,2,2.5,DATA
96,ICICIPRUL,ICICIPRULI,,FUT,NSE,,INR,20180125,,,1300,,3,10.0,DATA
97,ANDHRABAN,ANDHRABANK,,FUT,NSE,,INR,20180125,,,10000,,3,2.5,DATA
98,CESC,CESC,,FUT,NSE,,INR,20180125,,,550,,3,20.0,DATA
99,EXIDEIND,EXIDEIND,,FUT,NSE,,INR,20180125,,,4000,,3,5.0,DATA
100,INDIGO,INDIGO,,FUT,NSE,,INR,20180125,,,600,,3,20.0,DATA
101,TITAN,TITAN,,FUT,NSE,,INR,20180125,,,1500,,3,10.0,DATA
102,BAJAJ-AUT,BAJAJ-AUTO,,FUT,NSE,,INR,20180125,,,250,,2,50.0,DATA
103,KTKBANK,KTKBANK,,FUT,NSE,,INR,20180125,,,3800,,3,5.0,DATA
104,PAGEIND,PAGEIND,,FUT,NSE,,INR,20180125,,,50,,3,50.0,DATA
105,CANBK,CANBK,,FUT,NSE,,INR,20180125,,,1600,,3,20.0,DATA
106,IRB,IRB,,FUT,NSE,,INR,20180125,,,2500,,3,5.0,DATA
107,BAJFINANC,BAJFINANCE,,FUT,NSE,,INR,20180125,,,500,,2,50.0,DATA
108,CEATLTD,CEATLTD,,FUT,NSE,,INR,20180125,,,350,,3,50.0,DATA
109,INDIACEM,INDIACEM,,FUT,NSE,,INR,20180125,,,3500,,3,5.0,DATA
110,LTFH,L&TFH,,FUT,NSE,,INR,20180125,,,4500,,3,5.0,DATA
111,RELIANCE,RELIANCE,,FUT,NSE,,INR,20180125,,,1000,,2,20.0,DATA
112,BANKINDIA,BANKINDIA,,FUT,NSE,,INR,20180125,,,6000,,3,5.0,DATA
113,MRPL,MRPL,,FUT,NSE,,INR,20180125,,,4500,,3,2.5,DATA
114,HINDPETRO,HINDPETRO,,FUT,NSE,,INR,20180125,,,1575,,2,10.0,DATA
115,TATAELXSI,TATAELXSI,,FUT,NSE,,INR,20180125,,,800,,3,50.0,DATA
116,CIPLA,CIPLA,,FUT,NSE,,INR,20180125,,,1000,,2,10.0,DATA
117,EQUITAS,EQUITAS,,FUT,NSE,,INR,20180125,,,3200,,3,2.5,DATA
118,DIVISLAB,DIVISLAB,,FUT,NSE,,INR,20180125,,,800,,3,20.0,DATA
119,OFSS,OFSS,,FUT,NSE,,INR,20180125,,,150,,3,50.0,DATA
120,RAYMOND,RAYMOND,,FUT,NSE,,INR,20180125,,,800,,3,20.0,DATA
121,REPCOHOME,REPCOHOME,,FUT,NSE,,INR,20180125,,,900,,3,20.0,DATA
122,NMDC,NMDC,,FUT,NSE,,INR,20180125,,,6000,,2,2.5,DATA
123,ACC,ACC,,FUT,NSE,,INR,20180125,,,400,,2,20.0,DATA
124,IFCI,IFCI,,FUT,NSE,,INR,20180125,,,22000,,3,2.5,DATA
125,BEL,BEL,,FUT,NSE,,INR,20180125,,,4950,,3,5.0,DATA
126,DHFL,DHFL,,FUT,NSE,,INR,20180125,,,1500,,3,20.0,DATA
127,PIDILITIN,PIDILITIND,,FUT,NSE,,INR,20180125,,,1000,,3,20.0,DATA
128,STAR,STAR,,FUT,NSE,,INR,20180125,,,600,,3,20.0,DATA
129,BALKRISIN,BALKRISIND,,FUT,NSE,,INR,20180125,,,800,,3,25.0,DATA
130,ITC,ITC,,FUT,NSE,,INR,20180125,,,2400,,2,5.0,DATA
131,IDBI,IDBI,,FUT,NSE,,INR,20180125,,,10000,,3,2.5,DATA
132,MOTHERSUM,MOTHERSUMI,,FUT,NSE,,INR,20180125,,,1600,,3,10.0,DATA
133,GSFC,GSFC,,FUT,NSE,,INR,20180125,,,4500,,3,5.0,DATA
134,MARUTI,MARUTI,,FUT,NSE,,INR,20180125,,,75,,2,50.0,DATA
135,BALRAMCHI,BALRAMCHIN,,FUT,NSE,,INR,20180125,,,3500,,3,5.0,DATA
136,RECLTD,RECLTD,,FUT,NSE,,INR,20180125,,,6000,,3,5.0,DATA
137,WIPRO,WIPRO,,FUT,NSE,,INR,20180125,,,2400,,2,5.0,DATA
138,NESTLEIND,NESTLEIND,,FUT,NSE,,INR,20180125,,,100,,2,50.0,DATA
139,HDFC,HDFC,,FUT,NSE,,INR,20180125,,,500,,2,20.0,DATA
140,ADANIPORT,ADANIPORTS,,FUT,NSE,,INR,20180125,,,2500,,2,10.0,DATA
141,INFY,INFY,,FUT,NSE,,INR,20180125,,,600,,2,20.0,DATA
142,DALMIABHA,DALMIABHA,,FUT,NSE,,INR,20180125,,,300,,3,50.0,DATA
143,BAJAJFINS,BAJAJFINSV,,FUT,NSE,,INR,20180125,,,125,,3,50.0,DATA
144,ENGINERSI,ENGINERSIN,,FUT,NSE,,INR,20180125,,,3500,,3,2.5,DATA
145,INFIBEAM,INFIBEAM,,FUT,NSE,,INR,20180125,,,4000,,3,5.0,DATA
146,TORNTPOWE,TORNTPOWER,,FUT,NSE,,INR,20180125,,,3000,,3,5.0,DATA
147,HCC,HCC,,FUT,NSE,,INR,20180125,,,15000,,3,2.5,DATA
148,WOCKPHARM,WOCKPHARMA,,FUT,NSE,,INR,20180125,,,900,,3,20.0,DATA
149,TECHM,TECHM,,FUT,NSE,,INR,20180125,,,1200,,2,10.0,DATA
150,CANFINHOM,CANFINHOME,,FUT,NSE,,INR,20180125,,,1250,,3,10.0,DATA
151,PTC,PTC,,FUT,NSE,,INR,20180125,,,8000,,3,2.5,DATA
152,DLF,DLF,,FUT,NSE,,INR,20180125,,,5000,,2,10.0,DATA
153,TATACOMM,TATACOMM,,FUT,NSE,,INR,20180125,,,800,,2,20.0,DATA
154,FORTIS,FORTIS,,FUT,NSE,,INR,20180125,,,3500,,3,5.0,DATA
155,CAPF,CAPF,,FUT,NSE,,INR,20180125,,,800,,3,20.0,DATA
156,JUBLFOOD,JUBLFOOD,,FUT,NSE,,INR,20180125,,,500,,3,50.0,DATA
157,IDFCBANK,IDFCBANK,,FUT,NSE,,INR,20180125,,,9000,,3,2.5,DATA
158,CHENNPETR,CHENNPETRO,,FUT,NSE,,INR,20180125,,,1500,,3,10.0,DATA
159,ARVIND,ARVIND,,FUT,NSE,,INR,20180125,,,2000,,3,10.0,DATA
160,RAMCOCEM,RAMCOCEM,,FUT,NSE,,INR,20180125,,,800,,3,20.0,DATA
161,VOLTAS,VOLTAS,,FUT,NSE,,INR,20180125,,,1000,,3,10.0,DATA
162,RELINFRA,RELINFRA,,FUT,NSE,,INR,20180125,,,1300,,2,20.0,DATA
163,MUTHOOTFI,MUTHOOTFIN,,FUT,NSE,,INR,20180125,,,1500,,3,10.0,DATA
164,KAJARIACE,KAJARIACER,,FUT,NSE,,INR,20180125,,,800,,3,20.0,DATA
165,IDEA,IDEA,,FUT,NSE,,INR,20180125,,,7000,,2,2.5,DATA
166,JSWSTEEL,JSWSTEEL,,FUT,NSE,,INR,20180125,,,3000,,3,5.0,DATA
167,MMFIN,M&MFIN,,FUT,NSE,,INR,20180125,,,1250,,3,10.0,DATA
168,ULTRACEMC,ULTRACEMCO,,FUT,NSE,,INR,20180125,,,200,,2,50.0,DATA
169,ONGC,ONGC,,FUT,NSE,,INR,20180125,,,3750,,2,2.5,DATA
170,HAVELLS,HAVELLS,,FUT,NSE,,INR,20180125,,,2000,,3,10.0,DATA
171,JPASSOCIA,JPASSOCIAT,,FUT,NSE,,INR,20180125,,,34000,,2,2.5,DATA
172,PETRONET,PETRONET,,FUT,NSE,,INR,20180125,,,3000,,3,5.0,DATA
173,BHARATFOR,BHARATFORG,,FUT,NSE,,INR,20180125,,,1200,,3,10.0,DATA
174,LICHSGFIN,LICHSGFIN,,FUT,NSE,,INR,20180125,,,1100,,3,10.0,DATA
175,IGL,IGL,,FUT,NSE,,INR,20180125,,,2750,,3,10.0,DATA
176,TATAGLOBA,TATAGLOBAL,,FUT,NSE,,INR,20180125,,,4500,,3,5.0,DATA
177,RBLBANK,RBLBANK,,FUT,NSE,,INR,20180125,,,1000,,3,10.0,DATA
178,PEL,PEL,,FUT,NSE,,INR,20180125,,,300,,3,50.0,DATA
179,CGPOWER,CGPOWER,,FUT,NSE,,INR,20180125,,,12000,,3,2.5,DATA
180,UJJIVAN,UJJIVAN,,FUT,NSE,,INR,20180125,,,1600,,3,10.0,DATA
181,TATACHEM,TATACHEM,,FUT,NSE,,INR,20180125,,,1500,,2,10.0,DATA
182,HINDUNILV,HINDUNILVR,,FUT,NSE,,INR,20180125,,,600,,2,20.0,DATA
183,NHPC,NHPC,,FUT,NSE,,INR,20180125,,,27000,,3,2.5,DATA
184,AUROPHARM,AUROPHARMA,,FUT,NSE,,INR,20180125,,,800,,2,20.0,DATA
185,MANAPPURA,MANAPPURAM,,FUT,NSE,,INR,20180125,,,6000,,3,5.0,DATA
186,RNAVAL,RNAVAL,,FUT,NSE,,INR,20180125,,,9000,,3,2.5,DATA
187,PFC,PFC,,FUT,NSE,,INR,20180125,,,6000,,3,2.5,DATA
188,PVR,PVR,,FUT,NSE,,INR,20180125,,,400,,3,10.0,DATA
189,TATAMOTOR,TATAMOTORS,,FUT,NSE,,INR,20180125,,,1500,,2,10.0,DATA
190,UPL,UPL,,FUT,NSE,,INR,20180125,,,1200,,2,20.0,DATA
191,GODFRYPHL,GODFRYPHLP,,FUT,NSE,,INR,20180125,,,500,,3,20.0,DATA
192,SUNTV,SUNTV,,FUT,NSE,,INR,20180125,,,1000,,3,20.0,DATA
193,AMARAJABA,AMARAJABAT,,FUT,NSE,,INR,20180125,,,700,,3,20.0,DATA
194,LUPIN,LUPIN,,FUT,NSE,,INR,20180125,,,600,,2,20.0,DATA
195,DABUR,DABUR,,FUT,NSE,,INR,20180125,,,2500,,2,5.0,DATA
196,SYNDIBANK,SYNDIBANK,,FUT,NSE,,INR,20180125,,,9000,,3,2.5,DATA
197,BPCL,BPCL,,FUT,NSE,,INR,20180125,,,1800,,2,10.0,DATA
198,JINDALSTE,JINDALSTEL,,FUT,NSE,,INR,20180125,,,4500,,2,5.0,DATA
199,POWERGRID,POWERGRID,,FUT,NSE,,INR,20180125,,,4000,,2,2.5,DATA
200,NCC,NCC,,FUT,NSE,,INR,20180125,,,8000,,3,2.5,DATA
201,NBCC,NBCC,,FUT,NSE,,INR,20180125,,,3000,,3,5.0,DATA
202,INFRATEL,INFRATEL,,FUT,NSE,,INR,20180125,,,1700,,2,10.0,DATA
203,IDFC,IDFC,,FUT,NSE,,INR,20180125,,,13200,,2,2.5,DATA
204,ZEEL,ZEEL,,FUT,NSE,,INR,20180125,,,1300,,2,10.0,DATA
205,HINDALCO,HINDALCO,,FUT,NSE,,INR,20180125,,,3500,,2,5.0,DATA
206,BEML,BEML,,FUT,NSE,,INR,20180125,,,300,,3,50.0,DATA
207,HDIL,HDIL,,FUT,NSE,,INR,20180125,,,9000,,3,2.5,DATA
208,CASTROLIN,CASTROLIND,,FUT,NSE,,INR,20180125,,,2800,,2,2.5,DATA
209,GODREJIND,GODREJIND,,FUT,NSE,,INR,20180125,,,1500,,3,10.0,DATA
210,VGUARD,VGUARD,,FUT,NSE,,INR,20180125,,,3000,,3,5.0,DATA
211,ICICIBANK,ICICIBANK,,FUT,NSE,,INR,20180125,,,2750,,2,5.0,DATA
212,MRF,MRF,,FUT,NSE,,INR,20180125,,,15,,3,50.0,DATA
213,DRREDDY,DRREDDY,,FUT,NSE,,INR,20180125,,,250,,2,50.0,DATA
214,NATIONALU,NATIONALUM,,FUT,NSE,,INR,20180125,,,8000,,3,2.5,DATA
215,GRANULES,GRANULES,,FUT,NSE,,INR,20180125,,,5000,,3,5.0,DATA
216,TATAMTRDV,TATAMTRDVR,,FUT,NSE,,INR,20180125,,,2500,,2,5.0,DATA
217,COALINDIA,COALINDIA,,FUT,NSE,,INR,20180125,,,2200,,2,5.0,DATA
218,BHARATFIN,BHARATFIN,,FUT,NSE,,INR,20180125,,,1000,,3,20.0,DATA
219,CENTURYTE,CENTURYTEX,,FUT,NSE,,INR,20180125,,,550,,3,50.0,DATA
220,GAIL,GAIL,,FUT,NSE,,INR,20180125,,,2000,,2,10.0,DATA
221,UBL,UBL,,FUT,NSE,,INR,20180125,,,700,,3,10.0,DATA
222,UNIONBANK,UNIONBANK,,FUT,NSE,,INR,20180125,,,4000,,3,10.0,DATA
223,VEDL,VEDL,,FUT,NSE,,INR,20180125,,,1750,,2,10.0,DATA
224,DCBBANK,DCBBANK,,FUT,NSE,,INR,20180125,,,4500,,3,5.0,DATA
225,GODREJCP,GODREJCP,,FUT,NSE,,INR,20180125,,,800,,3,20.0,DATA
226,MARICO,MARICO,,FUT,NSE,,INR,20180125,,,2600,,3,5.0,DATA
227,HEXAWARE,HEXAWARE,,FUT,NSE,,INR,20180125,,,3000,,3,5.0,DATA
228,HEROMOTOC,HEROMOTOCO,,FUT,NSE,,INR,20180125,,,200,,2,50.0,DATA
229,BERGEPAIN,BERGEPAINT,,FUT,NSE,,INR,20180125,,,2200,,3,5.0,DATA
230,BHEL,BHEL,,FUT,NSE,,INR,20180125,,,7500,,2,2.5,DATA
231,KPIT,KPIT,,FUT,NSE,,INR,20180125,,,4500,,3,5.0,DATA
232,TORNTPHAR,TORNTPHARM,,FUT,NSE,,INR,20180125,,,500,,3,50.0,DATA
233,SRTRANSFI,SRTRANSFIN,,FUT,NSE,,INR,20180125,,,600,,3,20.0,DATA
234,IBULHSGFI,IBULHSGFIN,,FUT,NSE,,INR,20180125,,,400,,2,20.0,DATA
235,BHARTIART,BHARTIARTL,,FUT,NSE,,INR,20180125,,,1700,,2,10.0,DATA
236,TATASTEEL,TATASTEEL,,FUT,NSE,,INR,20180125,,,1000,,2,10.0,DATA
237,MCX,MCX,,FUT,NSE,,INR,20180125,,,500,,3,20.0,DATA
238,BRITANNIA,BRITANNIA,,FUT,NSE,,INR,20180125,,,200,,2,50.0,DATA
239,CADILAHC,CADILAHC,,FUT,NSE,,INR,20180125,,,1600,,3,10.0,DATA
240,LT,LT,,FUT,NSE,,INR,20180125,,,750,,2,20.0,DATA
241,SUZLON,SUZLON,,FUT,NSE,,INR,20180125,,,35000,,2,2.5,DATA
242,GRASIM,GRASIM,,FUT,NSE,,INR,20180125,,,750,,2,20.0,DATA
243,PCJEWELLE,PCJEWELLER,,FUT,NSE,,INR,20180125,,,1500,,3,10.0,DATA
244,ADANIPOWE,ADANIPOWER,,FUT,NSE,,INR,20180125,,,20000,,3,2.5,DATA
245,MINDTREE,MINDTREE,,FUT,NSE,,INR,20180125,,,1200,,3,10.0,DATA
246,SHREECEM,SHREECEM,,FUT,NSE,,INR,20180125,,,50,,3,50.0,DATA
247,SBIN,SBIN,,FUT,NSE,,INR,20180125,,,3000,,2,5.0,DATA
248,MFSL,MFSL,,FUT,NSE,,INR,20180125,,,1000,,3,10.0,DATA
249,ICIL,ICIL,,FUT,NSE,,INR,20180125,,,5000,,3,5.0,DATA
250,AJANTPHAR,AJANTPHARM,,FUT,NSE,,INR,20180125,,,500,,3,20.0,DATA
251,DISHTV,DISHTV,,FUT,NSE,,INR,20180125,,,7000,,3,2.5,DATA
252,ALBK,ALBK,,FUT,NSE,,INR,20180125,,,10000,,3,2.5,DATA
253,INDIANB,INDIANB,,FUT,NSE,,INR,20180125,,,2000,,3,10.0,DATA
254,RPOWER,RPOWER,,FUT,NSE,,INR,20180125,,,13000,,2,2.5,DATA
255,SIEMENS,SIEMENS,,FUT,NSE,,INR,20180125,,,500,,2,20.0,DATA
256,CUMMINSIN,CUMMINSIND,,FUT,NSE,,INR,20180125,,,600,,3,20.0,DATA
257,HCLTECH,HCLTECH,,FUT,NSE,,INR,20180125,,,700,,2,20.0,DATA
258,ORIENTBAN,ORIENTBANK,,FUT,NSE,,INR,20180125,,,6000,,2,5.0,DATA
259,MCDOWELL-,MCDOWELL-N,,FUT,NSE,,INR,20180125,,,250,,2,50.0,DATA
260,BIOCON,BIOCON,,FUT,NSE,,INR,20180125,,,1800,,3,10.0,DATA
261,OIL,OIL,,FUT,NSE,,INR,20180125,,,2266,,3,10.0,DATA
262,JUSTDIAL,JUSTDIAL,,FUT,NSE,,INR,20180125,,,1400,,3,10.0,DATA
263,JETAIRWAY,JETAIRWAYS,,FUT,NSE,,INR,20180125,,,1200,,2,20.0,DATA
264,TCS,TCS,,FUT,NSE,,INR,20180125,,,250,,2,50.0,DATA
265,AMBUJACEM,AMBUJACEM,,FUT,NSE,,INR,20180125,,,2500,,2,5.0,DATA
266,SRF,SRF,,FUT,NSE,,INR,20180125,,,500,,3,50.0,DATA
267,CHOLAFIN,CHOLAFIN,,FUT,NSE,,INR,20180125,,,500,,3,20.0,DATA
268,APOLLOTYR,APOLLOTYRE,,FUT,NSE,,INR,20180125,,,3000,,3,5.0,DATA
269,COLPAL,COLPAL,,FUT,NSE,,INR,20180125,,,700,,3,20.0,DATA
270,HDFCBANK,HDFCBANK,,FUT,NSE,,INR,20180125,,,500,,2,20.0,DATA
271,BANKBAROD,BANKBARODA,,FUT,NSE,,INR,20180125,,,4000,,2,5.0,DATA
272,GMRINFRA,GMRINFRA,,FUT,NSE,,INR,20180125,,,45000,,3,2.5,DATA
273,AXISBANK,AXISBANK,,FUT,NSE,,INR,20180125,,,1200,,2,10.0,DATA
274,SAIL,SAIL,,FUT,NSE,,INR,20180125,,,12000,,2,2.5,DATA
275,ASIANPAIN,ASIANPAINT,,FUT,NSE,,INR,20180125,,,600,,2,20.0,DATA
276,BATAINDIA,BATAINDIA,,FUT,NSE,,INR,20180125,,,1100,,3,20.0,DATA
277,TVSMOTOR,TVSMOTOR,,FUT,NSE,,INR,20180125,,,1000,,3,20.0,DATA
278,IOC,IOC,,FUT,NSE,,INR,20180125,,,1500,,2,10.0,DATA
279,ADANIENT,ADANIENT,,FUT,NSE,,INR,20180125,,,4000,,3,5.0,DATA
280,BOSCHLTD,BOSCHLTD,,FUT,NSE,,INR,20180125,,,25,,2,50.0,DATA
281,GLENMARK,GLENMARK,,FUT,NSE,,INR,20180125,,,900,,3,10.0,DATA
282,SOUTHBANK,SOUTHBANK,,FUT,NSE,,INR,20180125,,,33141,,3,2.5,DATA
283,HINDZINC,HINDZINC,,FUT,NSE,,INR,20180125,,,3200,,3,5.0,DATA
284,KOTAKBANK,KOTAKBANK,,FUT,NSE,,INR,20180125,,,800,,2,20.0,DATA
285,RCOM,RCOM,,FUT,NSE,,INR,20180125,,,28000,,2,2.5,DATA
286,FEDERALBN,FEDERALBNK,,FUT,NSE,,INR,20180125,,,5500,,3,2.5,DATA
287,ESCORTS,ESCORTS,,FUT,NSE,,INR,20180125,,,1100,,3,20.0,DATA
288,KSCL,KSCL,,FUT,NSE,,INR,20180125,,,1500,,3,20.0,DATA
289,MGL,MGL,,FUT,NSE,,INR,20180125,,,600,,3,20.0,DATA
290,MM,M&M,,FUT,NSE,,INR,20180125,,,1000,,2,10.0,DATA
291,APOLLOHOS,APOLLOHOSP,,FUT,NSE,,INR,20180125,,,500,,3,20.0,DATA
292,YESBANK,YESBANK,,FUT,NSE,,INR,20180125,,,1750,,2,10.0,DATA
293,JISLJALEQ,JISLJALEQS,,FUT,NSE,,INR,20180125,,,9000,,3,2.5,DATA
294,SREINFRA,SREINFRA,,FUT,NSE,,INR,20180222,,,5000,,3,2.5,DATA
295,EICHERMOT,EICHERMOT,,FUT,NSE,,INR,20180222,,,25,,2,50.0,DATA
296,PNB,PNB,,FUT,NSE,,INR,20180222,,,4000,,2,10.0,DATA
297,TV18BRDCS,TV18BRDCST,,FUT,NSE,,INR,20180222,,,17000,,3,2.5,DATA
298,INDUSINDB,INDUSINDBK,,FUT,NSE,,INR,20180222,,,300,,2,20.0,DATA
299,CONCOR,CONCOR,,FUT,NSE,,INR,20180222,,,625,,3,20.0,DATA
300,SUNPHARMA,SUNPHARMA,,FUT,NSE,,INR,20180222,,,1100,,2,10.0,DATA
301,NTPC,NTPC,,FUT,NSE,,INR,20180222,,,4000,,2,2.5,DATA
302,ASHOKLEY,ASHOKLEY,,FUT,NSE,,INR,20180222,,,7000,,3,2.5,DATA
303,NIITTECH,NIITTECH,,FUT,NSE,,INR,20180222,,,1500,,3,10.0,DATA
304,RELCAPITA,RELCAPITAL,,FUT,NSE,,INR,20180222,,,750,,2,20.0,DATA
305,TATAPOWER,TATAPOWER,,FUT,NSE,,INR,20180222,,,9000,,2,2.5,DATA
306,ICICIPRUL,ICICIPRULI,,FUT,NSE,,INR,20180222,,,1300,,3,10.0,DATA
307,ANDHRABAN,ANDHRABANK,,FUT,NSE,,INR,20180222,,,10000,,3,2.5,DATA
308,CESC,CESC,,FUT,NSE,,INR,20180222,,,550,,3,20.0,DATA
309,EXIDEIND,EXIDEIND,,FUT,NSE,,INR,20180222,,,4000,,3,5.0,DATA
310,INDIGO,INDIGO,,FUT,NSE,,INR,20180222,,,600,,3,20.0,DATA
311,TITAN,TITAN,,FUT,NSE,,INR,20180222,,,1500,,3,10.0,DATA
312,BAJAJ-AUT,BAJAJ-AUTO,,FUT,NSE,,INR,20180222,,,250,,2,50.0,DATA
313,KTKBANK,KTKBANK,,FUT,NSE,,INR,20180222,,,3800,,3,5.0,DATA
314,PAGEIND,PAGEIND,,FUT,NSE,,INR,20180222,,,50,,3,50.0,DATA
315,CANBK,CANBK,,FUT,NSE,,INR,20180222,,,1600,,3,20.0,DATA
316,IRB,IRB,,FUT,NSE,,INR,20180222,,,2500,,3,5.0,DATA
317,BAJFINANC,BAJFINANCE,,FUT,NSE,,INR,20180222,,,500,,2,50.0,DATA
318,CEATLTD,CEATLTD,,FUT,NSE,,INR,20180222,,,350,,3,50.0,DATA
319,INDIACEM,INDIACEM,,FUT,NSE,,INR,20180222,,,3500,,3,5.0,DATA
320,LTFH,L&TFH,,FUT,NSE,,INR,20180222,,,4500,,3,5.0,DATA
321,RELIANCE,RELIANCE,,FUT,NSE,,INR,20180222,,,1000,,2,20.0,DATA
322,BANKINDIA,BANKINDIA,,FUT,NSE,,INR,20180222,,,6000,,3,5.0,DATA
323,MRPL,MRPL,,FUT,NSE,,INR,20180222,,,4500,,3,2.5,DATA
324,HINDPETRO,HINDPETRO,,FUT,NSE,,INR,20180222,,,1575,,2,10.0,DATA
325,TATAELXSI,TATAELXSI,,FUT,NSE,,INR,20180222,,,800,,3,50.0,DATA
326,CIPLA,CIPLA,,FUT,NSE,,INR,20180222,,,1000,,2,10.0,DATA
327,EQUITAS,EQUITAS,,FUT,NSE,,INR,20180222,,,3200,,3,2.5,DATA
328,DIVISLAB,DIVISLAB,,FUT,NSE,,INR,20180222,,,800,,3,20.0,DATA
329,OFSS,OFSS,,FUT,NSE,,INR,20180222,,,150,,3,50.0,DATA
330,RAYMOND,RAYMOND,,FUT,NSE,,INR,20180222,,,800,,3,20.0,DATA
331,REPCOHOME,REPCOHOME,,FUT,NSE,,INR,20180222,,,900,,3,20.0,DATA
332,NMDC,NMDC,,FUT,NSE,,INR,20180222,,,6000,,2,2.5,DATA
333,ACC,ACC,,FUT,NSE,,INR,20180222,,,400,,2,20.0,DATA
334,IFCI,IFCI,,FUT,NSE,,INR,20180222,,,22000,,3,2.5,DATA
335,BEL,BEL,,FUT,NSE,,INR,20180222,,,4950,,3,5.0,DATA
336,DHFL,DHFL,,FUT,NSE,,INR,20180222,,,1500,,3,20.0,DATA
337,PIDILITIN,PIDILITIND,,FUT,NSE,,INR,20180222,,,1000,,3,20.0,DATA
338,STAR,STAR,,FUT,NSE,,INR,20180222,,,600,,3,20.0,DATA
339,BALKRISIN,BALKRISIND,,FUT,NSE,,INR,20180222,,,800,,3,25.0,DATA
340,ITC,ITC,,FUT,NSE,,INR,20180222,,,2400,,2,5.0,DATA
341,IDBI,IDBI,,FUT,NSE,,INR,20180222,,,10000,,3,2.5,DATA
342,MOTHERSUM,MOTHERSUMI,,FUT,NSE,,INR,20180222,,,1600,,3,10.0,DATA
343,GSFC,GSFC,,FUT,NSE,,INR,20180222,,,4500,,3,5.0,DATA
344,MARUTI,MARUTI,,FUT,NSE,,INR,20180222,,,75,,2,50.0,DATA
345,BALRAMCHI,BALRAMCHIN,,FUT,NSE,,INR,20180222,,,3500,,3,5.0,DATA
346,RECLTD,RECLTD,,FUT,NSE,,INR,20180222,,,6000,,3,5.0,DATA
347,WIPRO,WIPRO,,FUT,NSE,,INR,20180222,,,2400,,2,5.0,DATA
348,HDFC,HDFC,,FUT,NSE,,INR,20180222,,,500,,2,20.0,DATA
349,NESTLEIND,NESTLEIND,,FUT,NSE,,INR,20180222,,,100,,2,50.0,DATA
350,ADANIPORT,ADANIPORTS,,FUT,NSE,,INR,20180222,,,2500,,2,10.0,DATA
351,INFY,INFY,,FUT,NSE,,INR,20180222,,,600,,2,20.0,DATA
352,DALMIABHA,DALMIABHA,,FUT,NSE,,INR,20180222,,,300,,3,50.0,DATA
353,BAJAJFINS,BAJAJFINSV,,FUT,NSE,,INR,20180222,,,125,,3,50.0,DATA
354,ENGINERSI,ENGINERSIN,,FUT,NSE,,INR,20180222,,,3500,,3,2.5,DATA
355,INFIBEAM,INFIBEAM,,FUT,NSE,,INR,20180222,,,4000,,3,10.0,DATA
356,TORNTPOWE,TORNTPOWER,,FUT,NSE,,INR,20180222,,,3000,,3,5.0,DATA
357,HCC,HCC,,FUT,NSE,,INR,20180222,,,15000,,3,2.5,DATA
358,WOCKPHARM,WOCKPHARMA,,FUT,NSE,,INR,20180222,,,900,,3,20.0,DATA
359,TECHM,TECHM,,FUT,NSE,,INR,20180222,,,1200,,2,10.0,DATA
360,CANFINHOM,CANFINHOME,,FUT,NSE,,INR,20180222,,,1250,,3,10.0,DATA
361,PTC,PTC,,FUT,NSE,,INR,20180222,,,8000,,3,2.5,DATA
362,DLF,DLF,,FUT,NSE,,INR,20180222,,,5000,,2,10.0,DATA
363,TATACOMM,TATACOMM,,FUT,NSE,,INR,20180222,,,800,,2,20.0,DATA
364,FORTIS,FORTIS,,FUT,NSE,,INR,20180222,,,3500,,3,5.0,DATA
365,CAPF,CAPF,,FUT,NSE,,INR,20180222,,,800,,3,20.0,DATA
366,JUBLFOOD,JUBLFOOD,,FUT,NSE,,INR,20180222,,,500,,3,50.0,DATA
367,IDFCBANK,IDFCBANK,,FUT,NSE,,INR,20180222,,,9000,,3,2.5,DATA
368,ARVIND,ARVIND,,FUT,NSE,,INR,20180222,,,2000,,3,10.0,DATA
369,CHENNPETR,CHENNPETRO,,FUT,NSE,,INR,20180222,,,1500,,3,10.0,DATA
370,VOLTAS,VOLTAS,,FUT,NSE,,INR,20180222,,,1000,,3,10.0,DATA
371,RAMCOCEM,RAMCOCEM,,FUT,NSE,,INR,20180222,,,800,,3,20.0,DATA
372,RELINFRA,RELINFRA,,FUT,NSE,,INR,20180222,,,1300,,2,20.0,DATA
373,MUTHOOTFI,MUTHOOTFIN,,FUT,NSE,,INR,20180222,,,1500,,3,10.0,DATA
374,KAJARIACE,KAJARIACER,,FUT,NSE,,INR,20180222,,,800,,3,20.0,DATA
375,IDEA,IDEA,,FUT,NSE,,INR,20180222,,,7000,,2,2.5,DATA
376,JSWSTEEL,JSWSTEEL,,FUT,NSE,,INR,20180222,,,3000,,3,5.0,DATA
377,MMFIN,M&MFIN,,FUT,NSE,,INR,20180222,,,1250,,3,10.0,DATA
378,ULTRACEMC,ULTRACEMCO,,FUT,NSE,,INR,20180222,,,200,,2,50.0,DATA
379,ONGC,ONGC,,FUT,NSE,,INR,20180222,,,3750,,2,2.5,DATA
380,HAVELLS,HAVELLS,,FUT,NSE,,INR,20180222,,,2000,,3,10.0,DATA
381,JPASSOCIA,JPASSOCIAT,,FUT,NSE,,INR,20180222,,,34000,,2,2.5,DATA
382,PETRONET,PETRONET,,FUT,NSE,,INR,20180222,,,3000,,3,5.0,DATA
383,BHARATFOR,BHARATFORG,,FUT,NSE,,INR,20180222,,,1200,,3,10.0,DATA
384,LICHSGFIN,LICHSGFIN,,FUT,NSE,,INR,20180222,,,1100,,3,10.0,DATA
385,IGL,IGL,,FUT,NSE,,INR,20180222,,,2750,,3,10.0,DATA
386,TATAGLOBA,TATAGLOBAL,,FUT,NSE,,INR,20180222,,,4500,,3,5.0,DATA
387,RBLBANK,RBLBANK,,FUT,NSE,,INR,20180222,,,1000,,3,10.0,DATA
388,PEL,PEL,,FUT,NSE,,INR,20180222,,,300,,3,50.0,DATA
389,CGPOWER,CGPOWER,,FUT,NSE,,INR,20180222,,,12000,,3,2.5,DATA
390,UJJIVAN,UJJIVAN,,FUT,NSE,,INR,20180222,,,1600,,3,10.0,DATA
391,TATACHEM,TATACHEM,,FUT,NSE,,INR,20180222,,,1500,,2,10.0,DATA
392,HINDUNILV,HINDUNILVR,,FUT,NSE,,INR,20180222,,,600,,2,20.0,DATA
393,NHPC,NHPC,,FUT,NSE,,INR,20180222,,,27000,,3,2.5,DATA
394,AUROPHARM,AUROPHARMA,,FUT,NSE,,INR,20180222,,,800,,2,20.0,DATA
395,MANAPPURA,MANAPPURAM,,FUT,NSE,,INR,20180222,,,6000,,3,5.0,DATA
396,RNAVAL,RNAVAL,,FUT,NSE,,INR,20180222,,,9000,,3,2.5,DATA
397,PFC,PFC,,FUT,NSE,,INR,20180222,,,6000,,3,2.5,DATA
398,PVR,PVR,,FUT,NSE,,INR,20180222,,,400,,3,10.0,DATA
399,TATAMOTOR,TATAMOTORS,,FUT,NSE,,INR,20180222,,,1500,,2,10.0,DATA
400,UPL,UPL,,FUT,NSE,,INR,20180222,,,1200,,2,20.0,DATA
401,GODFRYPHL,GODFRYPHLP,,FUT,NSE,,INR,20180222,,,500,,3,20.0,DATA
402,SUNTV,SUNTV,,FUT,NSE,,INR,20180222,,,1000,,3,20.0,DATA
403,AMARAJABA,AMARAJABAT,,FUT,NSE,,INR,20180222,,,700,,3,20.0,DATA
404,LUPIN,LUPIN,,FUT,NSE,,INR,20180222,,,600,,2,20.0,DATA
405,DABUR,DABUR,,FUT,NSE,,INR,20180222,,,2500,,2,5.0,DATA
406,SYNDIBANK,SYNDIBANK,,FUT,NSE,,INR,20180222,,,9000,,3,5.0,DATA
407,BPCL,BPCL,,FUT,NSE,,INR,20180222,,,1800,,2,10.0,DATA
408,JINDALSTE,JINDALSTEL,,FUT,NSE,,INR,20180222,,,4500,,2,5.0,DATA
409,POWERGRID,POWERGRID,,FUT,NSE,,INR,20180222,,,4000,,2,2.5,DATA
410,NCC,NCC,,FUT,NSE,,INR,20180222,,,8000,,3,2.5,DATA
411,NBCC,NBCC,,FUT,NSE,,INR,20180222,,,3000,,3,5.0,DATA
412,IDFC,IDFC,,FUT,NSE,,INR,20180222,,,13200,,2,2.5,DATA
413,INFRATEL,INFRATEL,,FUT,NSE,,INR,20180222,,,1700,,2,10.0,DATA
414,ZEEL,ZEEL,,FUT,NSE,,INR,20180222,,,1300,,2,10.0,DATA
415,HINDALCO,HINDALCO,,FUT,NSE,,INR,20180222,,,3500,,2,5.0,DATA
416,BEML,BEML,,FUT,NSE,,INR,20180222,,,300,,3,50.0,DATA
417,HDIL,HDIL,,FUT,NSE,,INR,20180222,,,9000,,3,2.5,DATA
418,GODREJIND,GODREJIND,,FUT,NSE,,INR,20180222,,,1500,,3,10.0,DATA
419,VGUARD,VGUARD,,FUT,NSE,,INR,20180222,,,3000,,3,5.0,DATA
420,CASTROLIN,CASTROLIND,,FUT,NSE,,INR,20180222,,,2800,,2,2.5,DATA
421,ICICIBANK,ICICIBANK,,FUT,NSE,,INR,20180222,,,2750,,2,5.0,DATA
422,MRF,MRF,,FUT,NSE,,INR,20180222,,,15,,3,50.0,DATA
423,DRREDDY,DRREDDY,,FUT,NSE,,INR,20180222,,,250,,2,50.0,DATA
424,NATIONALU,NATIONALUM,,FUT,NSE,,INR,20180222,,,8000,,3,2.5,DATA
425,GRANULES,GRANULES,,FUT,NSE,,INR,20180222,,,5000,,3,5.0,DATA
426,TATAMTRDV,TATAMTRDVR,,FUT,NSE,,INR,20180222,,,2500,,2,5.0,DATA
427,COALINDIA,COALINDIA,,FUT,NSE,,INR,20180222,,,2200,,2,5.0,DATA
428,BHARATFIN,BHARATFIN,,FUT,NSE,,INR,20180222,,,1000,,3,20.0,DATA
429,CENTURYTE,CENTURYTEX,,FUT,NSE,,INR,20180222,,,550,,3,50.0,DATA
430,GAIL,GAIL,,FUT,NSE,,INR,20180222,,,2000,,2,10.0,DATA
431,UBL,UBL,,FUT,NSE,,INR,20180222,,,700,,3,30.0,DATA
432,UNIONBANK,UNIONBANK,,FUT,NSE,,INR,20180222,,,4000,,3,10.0,DATA
433,VEDL,VEDL,,FUT,NSE,,INR,20180222,,,1750,,2,10.0,DATA
434,DCBBANK,DCBBANK,,FUT,NSE,,INR,20180222,,,4500,,3,5.0,DATA
435,GODREJCP,GODREJCP,,FUT,NSE,,INR,20180222,,,800,,3,20.0,DATA
436,MARICO,MARICO,,FUT,NSE,,INR,20180222,,,2600,,3,5.0,DATA
437,HEXAWARE,HEXAWARE,,FUT,NSE,,INR,20180222,,,3000,,3,5.0,DATA
438,HEROMOTOC,HEROMOTOCO,,FUT,NSE,,INR,20180222,,,200,,2,50.0,DATA
439,BERGEPAIN,BERGEPAINT,,FUT,NSE,,INR,20180222,,,2200,,3,5.0,DATA
440,BHEL,BHEL,,FUT,NSE,,INR,20180222,,,7500,,2,2.5,DATA
441,KPIT,KPIT,,FUT,NSE,,INR,20180222,,,4500,,3,5.0,DATA
442,TORNTPHAR,TORNTPHARM,,FUT,NSE,,INR,20180222,,,500,,3,50.0,DATA
443,SRTRANSFI,SRTRANSFIN,,FUT,NSE,,INR,20180222,,,600,,3,10.0,DATA
444,IBULHSGFI,IBULHSGFIN,,FUT,NSE,,INR,20180222,,,400,,2,20.0,DATA
445,BHARTIART,BHARTIARTL,,FUT,NSE,,INR,20180222,,,1700,,2,10.0,DATA
446,TATASTEEL,TATASTEEL,,FUT,NSE,,INR,20180222,,,1000,,2,10.0,DATA
447,MCX,MCX,,FUT,NSE,,INR,20180222,,,500,,3,20.0,DATA
448,BRITANNIA,BRITANNIA,,FUT,NSE,,INR,20180222,,,200,,2,50.0,DATA
449,CADILAHC,CADILAHC,,FUT,NSE,,INR,20180222,,,1600,,3,10.0,DATA
450,LT,LT,,FUT,NSE,,INR,20180222,,,750,,2,20.0,DATA
451,SUZLON,SUZLON,,FUT,NSE,,INR,20180222,,,35000,,2,2.5,DATA
452,GRASIM,GRASIM,,FUT,NSE,,INR,20180222,,,750,,2,20.0,DATA
453,PCJEWELLE,PCJEWELLER,,FUT,NSE,,INR,20180222,,,1500,,3,10.0,DATA
454,ADANIPOWE,ADANIPOWER,,FUT,NSE,,INR,20180222,,,20000,,3,2.5,DATA
455,MINDTREE,MINDTREE,,FUT,NSE,,INR,20180222,,,1200,,3,10.0,DATA
456,SBIN,SBIN,,FUT,NSE,,INR,20180222,,,3000,,2,5.0,DATA
457,SHREECEM,SHREECEM,,FUT,NSE,,INR,20180222,,,50,,3,50.0,DATA
458,MFSL,MFSL,,FUT,NSE,,INR,20180222,,,1000,,3,10.0,DATA
459,AJANTPHAR,AJANTPHARM,,FUT,NSE,,INR,20180222,,,500,,3,20.0,DATA
460,DISHTV,DISHTV,,FUT,NSE,,INR,20180222,,,7000,,3,2.5,DATA
461,ALBK,ALBK,,FUT,NSE,,INR,20180222,,,10000,,3,2.5,DATA
462,INDIANB,INDIANB,,FUT,NSE,,INR,20180222,,,2000,,3,10.0,DATA
463,RPOWER,RPOWER,,FUT,NSE,,INR,20180222,,,13000,,2,2.5,DATA
464,SIEMENS,SIEMENS,,FUT,NSE,,INR,20180222,,,500,,2,20.0,DATA
465,CUMMINSIN,CUMMINSIND,,FUT,NSE,,INR,20180222,,,600,,3,20.0,DATA
466,HCLTECH,HCLTECH,,FUT,NSE,,INR,20180222,,,700,,2,20.0,DATA
467,ORIENTBAN,ORIENTBANK,,FUT,NSE,,INR,20180222,,,6000,,2,5.0,DATA
468,MCDOWELL-,MCDOWELL-N,,FUT,NSE,,INR,20180222,,,250,,2,50.0,DATA
469,BIOCON,BIOCON,,FUT,NSE,,INR,20180222,,,1800,,3,10.0,DATA
470,OIL,OIL,,FUT,NSE,,INR,20180222,,,2266,,3,10.0,DATA
471,JUSTDIAL,JUSTDIAL,,FUT,NSE,,INR,20180222,,,1400,,3,10.0,DATA
472,JETAIRWAY,JETAIRWAYS,,FUT,NSE,,INR,20180222,,,1200,,2,20.0,DATA
473,TCS,TCS,,FUT,NSE,,INR,20180222,,,250,,2,50.0,DATA
474,AMBUJACEM,AMBUJACEM,,FUT,NSE,,INR,20180222,,,2500,,2,5.0,DATA
475,SRF,SRF,,FUT,NSE,,INR,20180222,,,500,,3,50.0,DATA
476,CHOLAFIN,CHOLAFIN,,FUT,NSE,,INR,20180222,,,500,,3,20.0,DATA
477,APOLLOTYR,APOLLOTYRE,,FUT,NSE,,INR,20180222,,,3000,,3,5.0,DATA
478,COLPAL,COLPAL,,FUT,NSE,,INR,20180222,,,700,,3,20.0,DATA
479,HDFCBANK,HDFCBANK,,FUT,NSE,,INR,20180222,,,500,,2,20.0,DATA
480,BANKBAROD,BANKBARODA,,FUT,NSE,,INR,20180222,,,4000,,2,5.0,DATA
481,GMRINFRA,GMRINFRA,,FUT,NSE,,INR,20180222,,,45000,,3,2.5,DATA
482,AXISBANK,AXISBANK,,FUT,NSE,,INR,20180222,,,1200,,2,10.0,DATA
483,SAIL,SAIL,,FUT,NSE,,INR,20180222,,,12000,,2,2.5,DATA
484,ASIANPAIN,ASIANPAINT,,FUT,NSE,,INR,20180222,,,600,,2,20.0,DATA
485,BATAINDIA,BATAINDIA,,FUT,NSE,,INR,20180222,,,1100,,3,20.0,DATA
486,TVSMOTOR,TVSMOTOR,,FUT,NSE,,INR,20180222,,,1000,,3,20.0,DATA
487,IOC,IOC,,FUT,NSE,,INR,20180222,,,1500,,2,10.0,DATA
488,ADANIENT,ADANIENT,,FUT,NSE,,INR,20180222,,,4000,,3,5.0,DATA
489,BOSCHLTD,BOSCHLTD,,FUT,NSE,,INR,20180222,,,25,,2,50.0,DATA
490,GLENMARK,GLENMARK,,FUT,NSE,,INR,20180222,,,900,,3,10.0,DATA
491,SOUTHBANK,SOUTHBANK,,FUT,NSE,,INR,20180222,,,33141,,3,2.5,DATA
492,HINDZINC,HINDZINC,,FUT,NSE,,INR,20180222,,,3200,,3,5.0,DATA
493,RCOM,RCOM,,FUT,NSE,,INR,20180222,,,28000,,2,2.5,DATA
494,KOTAKBANK,KOTAKBANK,,FUT,NSE,,INR,20180222,,,800,,2,20.0,DATA
495,FEDERALBN,FEDERALBNK,,FUT,NSE,,INR,20180222,,,5500,,3,2.5,DATA
496,ESCORTS,ESCORTS,,FUT,NSE,,INR,20180222,,,1100,,3,20.0,DATA
497,KSCL,KSCL,,FUT,NSE,,INR,20180222,,,1500,,3,20.0,DATA
498,MGL,MGL,,FUT,NSE,,INR,20180222,,,600,,3,20.0,DATA
499,MM,M&M,,FUT,NSE,,INR,20180222,,,1000,,2,10.0,DATA
500,APOLLOHOS,APOLLOHOSP,,FUT,NSE,,INR,20180222,,,500,,3,20.0,DATA
501,YESBANK,YESBANK,,FUT,NSE,,INR,20180222,,,1750,,2,10.0,DATA
502,JISLJALEQ,JISLJALEQS,,FUT,NSE,,INR,20180222,,,9000,,3,2.5,DATA
