serialno,symbol,brokersymbol,displayname,type,exchange,primaryexchange,currency,expiry,option,right,minsize,barsstarttime,streamingpriority,strategy
1,NIFTY50,NSENIFTY,,FUT,NSE,,INR,20150827,,,50,,0,ADR
2,NIFTY50,NSENIFTY,,IND,NSE,,INR,,,,1,,0,INDEX
3,3MINDIA,3MINDIA,,STK,NSE,,INR,,,,250,,4,ADR:CNX500
4,AARTIIND,AARTIIND,,STK,NSE,,INR,,,,250,,4,ADR:CNX500
5,ABAN,ABAN,,STK,NSE,,INR,,,,1000,,4,ADR:CNX500
6,ABB,ABB,,STK,NSE,,INR,,,,2000,,4,ADR:CNX500
7,ABGSHIP,ABGSHIP,,STK,NSE,,INR,,,,8000,,4,ADR:CNX500
8,ABIRLANUV,ABIRLANUVO,,STK,NSE,,INR,,,,4000,,2,ADR:CNX500:FNO
9,ACC,ACC,,STK,NSE,,INR,,,,2000,,1,ADR:CNX500:NIFTY:FNO
10,ADANIENT,ADANIENT,,STK,NSE,,INR,,,,4000,,2,ADR:CNX500:FNO
11,ADANIPORT,ADANIPORTS,,STK,NSE,,INR,,,,250,,2,ADR:CNX500:FNO
12,ADVANTA,ADVANTA,,STK,NSE,,INR,,,,2000,,4,ADR:CNX500
13,AIAENG,AIAENG,,STK,NSE,,INR,,,,2000,,4,ADR:CNX500
14,AIL,AIL,,STK,NSE,,INR,,,,11000,,4,ADR:CNX500
15,AJP,AJANTPHARM,,STK,NSE,,INR,,,,500,,4,ADR:CNX500
16,AKZOINDIA,AKZOINDIA,,STK,NSE,,INR,,,,500,,4,ADR:CNX500
17,ALBK,ALBK,,STK,NSE,,INR,,,,1250,,2,ADR:CNX500:FNO
18,ALLCARGO,ALLCARGO,,STK,NSE,,INR,,,,125,,4,ADR:CNX500
19,ALOKTEXT,ALOKTEXT,,STK,NSE,,INR,,,,500,,4,ADR:CNX500
20,ALSTOMTD,ALSTOMT&D,,STK,NSE,,INR,,,,1000,,4,ADR:CNX500
21,AMARAJABA,AMARAJABAT,,STK,NSE,,INR,,,,250,,4,ADR:CNX500
22,AMBUJACEM,AMBUJACEM,,STK,NSE,,INR,,,,1000,,1,ADR:CNX500:NIFTY:FNO
23,AMTEKAUTO,AMTEKAUTO,,STK,NSE,,INR,,,,1000,,2,ADR:CNX500:FNO
24,AMTEKINDI,AMTEKINDIA,,STK,NSE,,INR,,,,2000,,4,ADR:CNX500
25,ANANTRAJ,ANANTRAJ,,STK,NSE,,INR,,,,500,,4,ADR:CNX500
26,ANDHRABAN,ANDHRABANK,,STK,NSE,,INR,,,,500,,2,ADR:CNX500:FNO
27,ANSALAPI,ANSALAPI,,STK,NSE,,INR,,,,1000,,4,ADR:CNX500
28,APARINDS,APARINDS,,STK,NSE,,INR,,,,1000,,4,ADR:CNX500
29,APLLTD,APLLTD,,STK,NSE,,INR,,,,1000,,4,ADR:CNX500
30,APOLLOHOS,APOLLOHOSP,,STK,NSE,,INR,,,,500,,2,ADR:CNX500:FNO
31,APOLLOTYR,APOLLOTYRE,,STK,NSE,,INR,,,,1000,,2,ADR:CNX500:FNO
32,ASAHIINDI,ASAHIINDIA,,STK,NSE,,INR,,,,1000,,4,ADR:CNX500
33,ASHOKA,ASHOKA,,STK,NSE,,INR,,,,250,,4,ADR:CNX500
34,ASHOKLEY,ASHOKLEY,,STK,NSE,,INR,,,,2000,,2,ADR:CNX500:FNO
35,ASIANPAIN,ASIANPAINT,,STK,NSE,,INR,,,,2000,,1,ADR:CNX500:NIFTY:FNO
36,ASTRAL,ASTRAL,,STK,NSE,,INR,,,,8000,,4,ADR:CNX500
37,ASTRAZEN,ASTRAZEN,,STK,NSE,,INR,,,,250,,4,ADR:CNX500
38,ATFL,ATFL,,STK,NSE,,INR,,,,2000,,4,ADR:CNX500
39,ATUL,ATUL,,STK,NSE,,INR,,,,125,,4,ADR:CNX500
40,AUROPHARM,AUROPHARMA,,STK,NSE,,INR,,,,2000,,2,ADR:CNX500:FNO
41,AUTOAXLES,AUTOAXLES,,STK,NSE,,INR,,,,4000,,4,ADR:CNX500
42,AXISBANK,AXISBANK,,STK,NSE,,INR,,,,1000,,1,ADR:CNX500:NIFTY:FNO
43,BAJAJ-AUT,BAJAJ-AUTO,,STK,NSE,,INR,,,,500,,1,ADR:CNX500:NIFTY:FNO
44,BAJAJCORP,BAJAJCORP,,STK,NSE,,INR,,,,10000,,4,ADR:CNX500
45,BAJAJELEC,BAJAJELEC,,STK,NSE,,INR,,,,1000,,4,ADR:CNX500
46,BAJAJFINS,BAJAJFINSV,,STK,NSE,,INR,,,,125,,4,ADR:CNX500
47,BAJAJHIND,BAJAJHIND,,STK,NSE,,INR,,,,1250,,4,ADR:CNX500
48,BAJAJHLDN,BAJAJHLDNG,,STK,NSE,,INR,,,,250,,4,ADR:CNX500
49,BAJFINANC,BAJFINANCE,,STK,NSE,,INR,,,,250,,4,ADR:CNX500
50,BALLARPUR,BALLARPUR,,STK,NSE,,INR,,,,500,,4,ADR:CNX500
51,BALMLAWRI,BALMLAWRIE,,STK,NSE,,INR,,,,8000,,4,ADR:CNX500
52,BALRAMCHI,BALRAMCHIN,,STK,NSE,,INR,,,,125,,4,ADR:CNX500
53,BANKBAROD,BANKBARODA,,STK,NSE,,INR,,,,2000,,1,ADR:CNX500:NIFTY:FNO
54,BANKINDIA,BANKINDIA,,STK,NSE,,INR,,,,2000,,2,ADR:CNX500:FNO
55,BASF,BASF,,STK,NSE,,INR,,,,1000,,4,ADR:CNX500
56,BATAINDIA,BATAINDIA,,STK,NSE,,INR,,,,500,,2,ADR:CNX500:FNO
57,BBTC,BBTC,,STK,NSE,,INR,,,,2000,,4,ADR:CNX500
58,BEL,BEL,,STK,NSE,,INR,,,,4000,,4,ADR:CNX500
59,BEML,BEML,,STK,NSE,,INR,,,,250,,4,ADR:CNX500
60,BRGR,BERGEPAINT,,STK,NSE,,INR,,,,4000,,4,ADR:CNX500
61,BFUTILITI,BFUTILITIE,,STK,NSE,,INR,,,,2000,,4,ADR:CNX500
62,BGRENERGY,BGRENERGY,,STK,NSE,,INR,,,,2000,,4,ADR:CNX500
63,BHARATFOR,BHARATFORG,,STK,NSE,,INR,,,,9000,,2,ADR:CNX500:FNO
64,BHARTIART,BHARTIARTL,,STK,NSE,,INR,,,,1000,,1,ADR:CNX500:NIFTY:FNO
65,BHEL,BHEL,,STK,NSE,,INR,,,,4000,,1,ADR:CNX500:NIFTY:FNO
66,BHUSANSTL,BHUSANSTL,,STK,NSE,,INR,,,,500,,4,ADR:CNX500
67,BINDALAGR,BINDALAGRO,,STK,NSE,,INR,,,,125,,4,ADR:CNX500
68,BIOCON,BIOCON,,STK,NSE,,INR,,,,8000,,2,ADR:CNX500:FNO
69,BIRLACORP,BIRLACORPN,,STK,NSE,,INR,,,,1000,,4,ADR:CNX500
70,BLUEDART,BLUEDART,,STK,NSE,,INR,,,,4000,,4,ADR:CNX500
71,BLUESTARC,BLUESTARCO,,STK,NSE,,INR,,,,1000,,4,ADR:CNX500
72,BOMDYEING,BOMDYEING,,STK,NSE,,INR,,,,1000,,4,ADR:CNX500
73,BOSCHLTD,BOSCHLTD,,STK,NSE,,INR,,,,4000,,2,ADR:CNX500:FNO
74,BPCL,BPCL,,STK,NSE,,INR,,,,8000,,1,ADR:CNX500:NIFTY:FNO
75,BRIGADE,BRIGADE,,STK,NSE,,INR,,,,15000,,4,ADR:CNX500
76,BRITANNIA,BRITANNIA,,STK,NSE,,INR,,,,4000,,4,ADR:CNX500
77,CADILAHC,CADILAHC,,STK,NSE,,INR,,,,250,,4,ADR:CNX500
78,CAIRN,CAIRN,,STK,NSE,,INR,,,,250,,1,ADR:CNX500:NIFTY:FNO
79,CANBK,CANBK,,STK,NSE,,INR,,,,125,,2,ADR:CNX500:FNO
80,CANFINHOM,CANFINHOME,,STK,NSE,,INR,,,,500,,4,ADR:CNX500
81,CAPF,CAPF,,STK,NSE,,INR,,,,2000,,4,ADR:CNX500
82,CARBORUNI,CARBORUNIV,,STK,NSE,,INR,,,,4000,,4,ADR:CNX500
83,CARERATIN,CARERATING,,STK,NSE,,INR,,,,1000,,4,ADR:CNX500
84,CASTROLIN,CASTROLIND,,STK,NSE,,INR,,,,250,,4,ADR:CNX500
85,CENTENKA,CENTENKA,,STK,NSE,,INR,,,,250,,4,ADR:CNX500
86,CENTRALBK,CENTRALBK,,STK,NSE,,INR,,,,250,,4,ADR:CNX500
87,CENTURYPL,CENTURYPLY,,STK,NSE,,INR,,,,1000,,4,ADR:CNX500
88,CENTURYTE,CENTURYTEX,,STK,NSE,,INR,,,,125,,2,ADR:CNX500:FNO
89,CESC,CESC,,STK,NSE,,INR,,,,125,,2,ADR:CNX500:FNO
90,CHAMBLFER,CHAMBLFERT,,STK,NSE,,INR,,,,1000,,4,ADR:CNX500
91,CHENNPETR,CHENNPETRO,,STK,NSE,,INR,,,,125,,4,ADR:CNX500
92,CHOLAFIN,CHOLAFIN,,STK,NSE,,INR,,,,12000,,4,ADR:CNX500
93,CIPLA,CIPLA,,STK,NSE,,INR,,,,2000,,1,ADR:CNX500:NIFTY:FNO
94,CLNINDIA,CLNINDIA,,STK,NSE,,INR,,,,2000,,4,ADR:CNX500
95,COALINDIA,COALINDIA,,STK,NSE,,INR,,,,125,,1,ADR:CNX500:NIFTY:FNO
96,COLPAL,COLPAL,,STK,NSE,,INR,,,,1000,,2,ADR:CNX500:FNO
97,CONCOR,CONCOR,,STK,NSE,,INR,,,,2000,,4,ADR:CNX500
98,COROMANDE,COROMANDEL,,STK,NSE,,INR,,,,2000,,4,ADR:CNX500
99,CORPBANK,CORPBANK,,STK,NSE,,INR,,,,2000,,4,ADR:CNX500
100,COXKINGS,COX&KINGS,,STK,NSE,,INR,,,,500,,4,ADR:CNX500
101,CRISIL,CRISIL,,STK,NSE,,INR,,,,2000,,4,ADR:CNX500
102,CROMPGREA,CROMPGREAV,,STK,NSE,,INR,,,,4000,,2,ADR:CNX500:FNO
103,CUB,CUB,,STK,NSE,,INR,,,,1000,,4,ADR:CNX500
104,CUMMINSIN,CUMMINSIND,,STK,NSE,,INR,,,,2000,,4,ADR:CNX500
105,CYIENT,CYIENT,,STK,NSE,,INR,,,,1000,,4,ADR:CNX500
106,DABUR,DABUR,,STK,NSE,,INR,,,,1000,,2,ADR:CNX500:FNO
107,DBCORP,DBCORP,,STK,NSE,,INR,,,,250,,4,ADR:CNX500
108,DBREALTY,DBREALTY,,STK,NSE,,INR,,,,500,,4,ADR:CNX500
109,DCBBANK,DCBBANK,,STK,NSE,,INR,,,,4000,,4,ADR:CNX500
110,DCMSRMCON,DCMSHRIRAM,,STK,NSE,,INR,,,,4000,,4,ADR:CNX500
111,DEEPAKFER,DEEPAKFERT,,STK,NSE,,INR,,,,125,,4,ADR:CNX500
112,DELTACORP,DELTACORP,,STK,NSE,,INR,,,,500,,4,ADR:CNX500
113,DEN,DEN,,STK,NSE,,INR,,,,500,,4,ADR:CNX500
114,DENABANK,DENABANK,,STK,NSE,,INR,,,,2000,,4,ADR:CNX500
115,DHANBANK,DHANBANK,,STK,NSE,,INR,,,,500,,4,ADR:CNX500
116,DHFL,DHFL,,STK,NSE,,INR,,,,1000,,4,ADR:CNX500
117,DISHMAN,DISHMAN,,STK,NSE,,INR,,,,4000,,4,ADR:CNX500
118,DIVISLAB,DIVISLAB,,STK,NSE,,INR,,,,1000,,2,ADR:CNX500:FNO
119,DLF,DLF,,STK,NSE,,INR,,,,1000,,2,ADR:CNX500:FNO
120,DREDGECOR,DREDGECORP,,STK,NSE,,INR,,,,2000,,4,ADR:CNX500
121,DRREDDY,DRREDDY,,STK,NSE,,INR,,,,1000,,1,ADR:CNX500:NIFTY:FNO
122,DYNAMATEC,DYNAMATECH,,STK,NSE,,INR,,,,2000,,4,ADR:CNX500
123,ECLERX,ECLERX,,STK,NSE,,INR,,,,4000,,4,ADR:CNX500
124,EDELWEISS,EDELWEISS,,STK,NSE,,INR,,,,1000,,4,ADR:CNX500
125,EICHERMOT,EICHERMOT,,STK,NSE,,INR,,,,125,,2,ADR:CNX500:FNO
126,EIDPARRY,EIDPARRY,,STK,NSE,,INR,,,,125,,4,ADR:CNX500
127,EIHOTEL,EIHOTEL,,STK,NSE,,INR,,,,1000,,4,ADR:CNX500
128,ELECTCAST,ELECTCAST,,STK,NSE,,INR,,,,250,,4,ADR:CNX500
129,ELGIEQUIP,ELGIEQUIP,,STK,NSE,,INR,,,,4000,,4,ADR:CNX500
130,EMAMILTD,EMAMILTD,,STK,NSE,,INR,,,,125,,4,ADR:CNX500
131,ENGINERSI,ENGINERSIN,,STK,NSE,,INR,,,,2000,,2,ADR:CNX500:FNO
132,ENIL,ENIL,,STK,NSE,,INR,,,,17000,,4,ADR:CNX500
133,EROSMEDIA,EROSMEDIA,,STK,NSE,,INR,,,,2000,,4,ADR:CNX500
134,ESABINDIA,ESABINDIA,,STK,NSE,,INR,,,,2000,,4,ADR:CNX500
135,ESCORTS,ESCORTS,,STK,NSE,,INR,,,,500,,4,ADR:CNX500
136,ESSDEE,ESSDEE,,STK,NSE,,INR,,,,1000,,4,ADR:CNX500
137,ESSELPACK,ESSELPACK,,STK,NSE,,INR,,,,1000,,4,ADR:CNX500
138,EXIDEIND,EXIDEIND,,STK,NSE,,INR,,,,1,,2,ADR:CNX500:FNO
139,FAGBEARIN,FAGBEARING,,STK,NSE,,INR,,,,1,,4,ADR:CNX500
140,FCEL,FCEL,,STK,NSE,,INR,,,,1,,4,ADR:CNX500
141,FDC,FDC,,STK,NSE,,INR,,,,1,,4,ADR:CNX500
142,FEDERALBN,FEDERALBNK,,STK,NSE,,INR,,,,1,,2,ADR:CNX500:FNO
143,FINANTECH,FINANTECH,,STK,NSE,,INR,,,,1,,4,ADR:CNX500
144,FINCABLES,FINCABLES,,STK,NSE,,INR,,,,1,,4,ADR:CNX500
145,FINPIPE,FINPIPE,,STK,NSE,,INR,,,,1,,4,ADR:CNX500
146,FLEXITUFF,FLEXITUFF,,STK,NSE,,INR,,,,1,,4,ADR:CNX500
147,FMGOETZE,FMGOETZE,,STK,NSE,,INR,,,,1,,4,ADR:CNX500
148,FORTIS,FORTIS,,STK,NSE,,INR,,,,1,,4,ADR:CNX500
149,FRL,FRL,,STK,NSE,,INR,,,,1,,4,ADR:CNX500
150,FSL,FSL,,STK,NSE,,INR,,,,1,,4,ADR:CNX500
151,GABRIEL,GABRIEL,,STK,NSE,,INR,,,,1,,4,ADR:CNX500
152,GAIL,GAIL,,STK,NSE,,INR,,,,1,,1,ADR:CNX500:NIFTY:FNO
153,GAMMNINFR,GAMMNINFRA,,STK,NSE,,INR,,,,1,,4,ADR:CNX500
154,GAMMONIND,GAMMONIND,,STK,NSE,,INR,,,,1,,4,ADR:CNX500
155,GATI,GATI,,STK,NSE,,INR,,,,1,,4,ADR:CNX500
156,GDL,GDL,,STK,NSE,,INR,,,,1,,4,ADR:CNX500
157,GEOJITBNP,GEOJITBNPP,,STK,NSE,,INR,,,,1,,4,ADR:CNX500
158,GEOMETRIC,GEOMETRIC,,STK,NSE,,INR,,,,1,,4,ADR:CNX500
159,GESHIP,GESHIP,,STK,NSE,,INR,,,,1,,4,ADR:CNX500
160,GHCL,GHCL,,STK,NSE,,INR,,,,1,,4,ADR:CNX500
161,GILLETTE,GILLETTE,,STK,NSE,,INR,,,,1,,4,ADR:CNX500
162,GIPCL,GIPCL,,STK,NSE,,INR,,,,1,,4,ADR:CNX500
163,GITANJALI,GITANJALI,,STK,NSE,,INR,,,,1,,4,ADR:CNX500
164,GLAXO,GLAXO,,STK,NSE,,INR,,,,1,,4,ADR:CNX500
165,GLENMARK,GLENMARK,,STK,NSE,,INR,,,,1,,2,ADR:CNX500:FNO
166,GMDCLTD,GMDCLTD,,STK,NSE,,INR,,,,1,,4,ADR:CNX500
167,GMRINFRA,GMRINFRA,,STK,NSE,,INR,,,,1,,2,ADR:CNX500:FNO
168,GNFC,GNFC,,STK,NSE,,INR,,,,1,,4,ADR:CNX500
169,GP,GODFRYPHLP,,STK,NSE,,INR,,,,1,,4,ADR:CNX500
170,GODREJCP,GODREJCP,,STK,NSE,,INR,,,,1,,4,ADR:CNX500
171,GODREJIND,GODREJIND,,STK,NSE,,INR,,,,1,,2,ADR:CNX500:FNO
172,GPL,GODREJPROP,,STK,NSE,,INR,,,,1,,4,ADR:CNX500
173,GPPL,GPPL,,STK,NSE,,INR,,,,1,,4,ADR:CNX500
174,GRAPHITE,GRAPHITE,,STK,NSE,,INR,,,,1,,4,ADR:CNX500
175,GRASIM,GRASIM,,STK,NSE,,INR,,,,1,,1,ADR:CNX500:NIFTY:FNO
176,GREAVESCO,GREAVESCOT,,STK,NSE,,INR,,,,1,,4,ADR:CNX500
177,GRUH,GRUH,,STK,NSE,,INR,,,,1,,4,ADR:CNX500
178,GSFC,GSFC,,STK,NSE,,INR,,,,1,,4,ADR:CNX500
179,GSKCONS,GSKCONS,,STK,NSE,,INR,,,,1,,4,ADR:CNX500
180,GSPL,GSPL,,STK,NSE,,INR,,,,1,,4,ADR:CNX500
181,GTLINFRA,GTLINFRA,,STK,NSE,,INR,,,,1,,4,ADR:CNX500
182,GUJALKALI,GUJALKALI,,STK,NSE,,INR,,,,1,,4,ADR:CNX500
183,GUJFLUORO,GUJFLUORO,,STK,NSE,,INR,,,,1,,4,ADR:CNX500
184,GUJNRECOK,GUJNRECOKE,,STK,NSE,,INR,,,,1,,4,ADR:CNX500
185,GULFOILLU,GULFOILLUB,,STK,NSE,,INR,,,,1,,4,ADR:CNX500
186,GVKPIL,GVKPIL,,STK,NSE,,INR,,,,1,,4,ADR:CNX500
187,HATHWAY,HATHWAY,,STK,NSE,,INR,,,,1,,4,ADR:CNX500
188,HAVELLS,HAVELLS,,STK,NSE,,INR,,,,1,,2,ADR:CNX500:FNO
189,HCC,HCC,,STK,NSE,,INR,,,,1,,4,ADR:CNX500
190,HCL-INSYS,HCL-INSYS,,STK,NSE,,INR,,,,1,,4,ADR:CNX500
191,HCLTECH,HCLTECH,,STK,NSE,,INR,,,,1,,1,ADR:CNX500:NIFTY:FNO
192,HDFC,HDFC,,STK,NSE,,INR,,,,1,,1,ADR:CNX500:NIFTY:FNO
193,HDFCBANK,HDFCBANK,,STK,NSE,,INR,,,,1,,1,ADR:CNX500:NIFTY:FNO
194,HDIL,HDIL,,STK,NSE,,INR,,,,1,,2,ADR:CNX500:FNO
195,HEG,HEG,,STK,NSE,,INR,,,,1,,4,ADR:CNX500
196,HERITGFOO,HERITGFOOD,,STK,NSE,,INR,,,,1,,4,ADR:CNX500
197,HEROMOTOC,HEROMOTOCO,,STK,NSE,,INR,,,,1,,1,ADR:CNX500:NIFTY:FNO
198,HEXAWARE,HEXAWARE,,STK,NSE,,INR,,,,1,,2,ADR:CNX500:FNO
199,HFCL,HFCL,,STK,NSE,,INR,,,,1,,4,ADR:CNX500
200,HIMATSEID,HIMATSEIDE,,STK,NSE,,INR,,,,1,,4,ADR:CNX500
201,HINDALCO,HINDALCO,,STK,NSE,,INR,,,,1,,1,ADR:CNX500:NIFTY:FNO
202,HINDCOPPE,HINDCOPPER,,STK,NSE,,INR,,,,1,,4,ADR:CNX500
203,HINDOILEX,HINDOILEXP,,STK,NSE,,INR,,,,1,,4,ADR:CNX500
204,HINDPETRO,HINDPETRO,,STK,NSE,,INR,,,,1,,2,ADR:CNX500:FNO
205,HINDUNILV,HINDUNILVR,,STK,NSE,,INR,,,,1,,1,ADR:CNX500:NIFTY:FNO
206,HINDZINC,HINDZINC,,STK,NSE,,INR,,,,1,,2,ADR:CNX500:FNO
207,HONAUT,HONAUT,,STK,NSE,,INR,,,,1,,4,ADR:CNX500
208,HOTELEELA,HOTELEELA,,STK,NSE,,INR,,,,1,,4,ADR:CNX500
209,HSIL,HSIL,,STK,NSE,,INR,,,,1,,4,ADR:CNX500
210,HTMEDIA,HTMEDIA,,STK,NSE,,INR,,,,1,,4,ADR:CNX500
211,IBREALEST,IBREALEST,,STK,NSE,,INR,,,,1,,2,ADR:CNX500:FNO
212,IBULHSGFI,IBULHSGFIN,,STK,NSE,,INR,,,,1,,2,ADR:CNX500:FNO
213,IBVENTURE,IBVENTURES,,STK,NSE,,INR,,,,1,,4,ADR:CNX500
214,ICICIBANK,ICICIBANK,,STK,NSE,,INR,,,,1,,1,ADR:CNX500:NIFTY:FNO
215,ICRA,ICRA,,STK,NSE,,INR,,,,1,,4,ADR:CNX500
216,IDBI,IDBI,,STK,NSE,,INR,,,,1,,2,ADR:CNX500:FNO
217,IDEA,IDEA,,STK,NSE,,INR,,,,1,,1,ADR:CNX500:NIFTY:FNO
218,IDFC,IDFC,,STK,NSE,,INR,,,,1,,1,ADR:CNX500:NIFTY:FNO
219,IFBIND,IFBIND,,STK,NSE,,INR,,,,1,,4,ADR:CNX500
220,IFCI,IFCI,,STK,NSE,,INR,,,,1,,2,ADR:CNX500:FNO
221,IGL,IGL,,STK,NSE,,INR,,,,1,,2,ADR:CNX500:FNO
222,IIFL,IIFL,,STK,NSE,,INR,,,,1,,4,ADR:CNX500
223,ILFSTRANS,IL&FSTRANS,,STK,NSE,,INR,,,,1,,4,ADR:CNX500
224,INDHOTEL,INDHOTEL,,STK,NSE,,INR,,,,1,,4,ADR:CNX500
225,INDIACEM,INDIACEM,,STK,NSE,,INR,,,,1,,2,ADR:CNX500:FNO
226,INDIANB,INDIANB,,STK,NSE,,INR,,,,1,,4,ADR:CNX500
227,INDUSINDB,INDUSINDBK,,STK,NSE,,INR,,,,1,,1,ADR:CNX500:NIFTY:FNO
228,INFRATEL,INFRATEL,,STK,NSE,,INR,,,,1,,4,ADR:CNX500
229,INFY,INFY,,STK,NSE,,INR,,,,1,,1,ADR:CNX500:NIFTY:FNO
230,INGERRAND,INGERRAND,,STK,NSE,,INR,,,,1,,4,ADR:CNX500
231,INOXLEISU,INOXLEISUR,,STK,NSE,,INR,,,,1,,4,ADR:CNX500
232,IOB,IOB,,STK,NSE,,INR,,,,1,,2,ADR:CNX500:FNO
233,IOC,IOC,,STK,NSE,,INR,,,,1,,2,ADR:CNX500:FNO
234,IPCALAB,IPCALAB,,STK,NSE,,INR,,,,1,,4,ADR:CNX500
235,IRB,IRB,,STK,NSE,,INR,,,,1,,2,ADR:CNX500:FNO
236,ITC,ITC,,STK,NSE,,INR,,,,1,,1,ADR:CNX500:NIFTY:FNO
237,ITDCEM,ITDCEM,,STK,NSE,,INR,,,,1,,4,ADR:CNX500
238,IVRCLINFR,IVRCLINFRA,,STK,NSE,,INR,,,,1,,4,ADR:CNX500
239,JKBK,J&KBANK,,STK,NSE,,INR,,,,1,,4,ADR:CNX500
240,JAGRAN,JAGRAN,,STK,NSE,,INR,,,,1,,4,ADR:CNX500
241,JAICORPLT,JAICORPLTD,,STK,NSE,,INR,,,,1,,4,ADR:CNX500
242,JBCHEPHAR,JBCHEPHARM,,STK,NSE,,INR,,,,1,,4,ADR:CNX500
243,JBFIND,JBFIND,,STK,NSE,,INR,,,,1,,4,ADR:CNX500
244,JINDALSAW,JINDALSAW,,STK,NSE,,INR,,,,1,,4,ADR:CNX500
245,JINDALSTE,JINDALSTEL,,STK,NSE,,INR,,,,1,,2,ADR:CNX500:FNO
246,JISLJALEQ,JISLJALEQS,,STK,NSE,,INR,,,,1,,2,ADR:CNX500:FNO
247,JKCEMENT,JKCEMENT,,STK,NSE,,INR,,,,1,,4,ADR:CNX500
248,JKIL,JKIL,,STK,NSE,,INR,,,,1,,4,ADR:CNX500
249,JKLAKSHMI,JKLAKSHMI,,STK,NSE,,INR,,,,1,,4,ADR:CNX500
250,JKTYRE,JKTYRE,,STK,NSE,,INR,,,,1,,4,ADR:CNX500
251,JMFINANCI,JMFINANCIL,,STK,NSE,,INR,,,,1,,4,ADR:CNX500
252,JPASSOCIA,JPASSOCIAT,,STK,NSE,,INR,,,,1,,2,ADR:CNX500:FNO
253,JPINFRATE,JPINFRATEC,,STK,NSE,,INR,,,,1,,4,ADR:CNX500
254,JPPOWER,JPPOWER,,STK,NSE,,INR,,,,1,,2,ADR:CNX500:FNO
255,JSL,JSL,,STK,NSE,,INR,,,,1,,4,ADR:CNX500
256,JSWENERGY,JSWENERGY,,STK,NSE,,INR,,,,1,,2,ADR:CNX500:FNO
257,JSWHL,JSWHL,,STK,NSE,,INR,,,,1,,4,ADR:CNX500
258,JSWSTEEL,JSWSTEEL,,STK,NSE,,INR,,,,1,,2,ADR:CNX500:FNO
259,JUBILANT,JUBILANT,,STK,NSE,,INR,,,,1,,4,ADR:CNX500
260,JUBLFOOD,JUBLFOOD,,STK,NSE,,INR,,,,1,,2,ADR:CNX500:FNO
261,JUSTDIAL,JUSTDIAL,,STK,NSE,,INR,,,,1,,2,ADR:CNX500:FNO
262,JYOTHYLAB,JYOTHYLAB,,STK,NSE,,INR,,,,1,,4,ADR:CNX500
263,JYOTISTRU,JYOTISTRUC,,STK,NSE,,INR,,,,1,,4,ADR:CNX500
264,KAJARIACE,KAJARIACER,,STK,NSE,,INR,,,,1,,4,ADR:CNX500
265,KALPATPOW,KALPATPOWR,,STK,NSE,,INR,,,,1,,4,ADR:CNX500
266,KANSAINER,KANSAINER,,STK,NSE,,INR,,,,1,,4,ADR:CNX500
267,KARURVYSY,KARURVYSYA,,STK,NSE,,INR,,,,1,,4,ADR:CNX500
268,KCP,KCP,,STK,NSE,,INR,,,,1,,4,ADR:CNX500
269,KEC,KEC,,STK,NSE,,INR,,,,1,,4,ADR:CNX500
270,KESORAMIN,KESORAMIND,,STK,NSE,,INR,,,,1,,4,ADR:CNX500
271,KITEX,KITEX,,STK,NSE,,INR,,,,1,,4,ADR:CNX500
272,KKCL,KKCL,,STK,NSE,,INR,,,,1,,4,ADR:CNX500
273,KNRCON,KNRCON,,STK,NSE,,INR,,,,1,,4,ADR:CNX500
274,KOLTEPATI,KOLTEPATIL,,STK,NSE,,INR,,,,1,,4,ADR:CNX500
275,KOTAKBANK,KOTAKBANK,,STK,NSE,,INR,,,,1,,1,ADR:CNX500:NIFTY:FNO
276,KPIT,KPIT,,STK,NSE,,INR,,,,1,,4,ADR:CNX500
277,KPRMILL,KPRMILL,,STK,NSE,,INR,,,,1,,4,ADR:CNX500
278,KSBPUMPS,KSBPUMPS,,STK,NSE,,INR,,,,1,,4,ADR:CNX500
279,KSCL,KSCL,,STK,NSE,,INR,,,,1,,4,ADR:CNX500
280,KSK,KSK,,STK,NSE,,INR,,,,1,,4,ADR:CNX500
281,KTKBANK,KTKBANK,,STK,NSE,,INR,,,,1,,2,ADR:CNX500:FNO
282,LTFH,L&TFH,,STK,NSE,,INR,,,,1,,2,ADR:CNX500:FNO
283,LAKSHVILA,LAKSHVILAS,,STK,NSE,,INR,,,,1,,4,ADR:CNX500
284,LAOPALA,LAOPALA,,STK,NSE,,INR,,,,1,,4,ADR:CNX500
285,LAXMIMACH,LAXMIMACH,,STK,NSE,,INR,,,,1,,4,ADR:CNX500
286,LGBBROSLT,LGBBROSLTD,,STK,NSE,,INR,,,,1,,4,ADR:CNX500
287,LICHSGFIN,LICHSGFIN,,STK,NSE,,INR,,,,1,,2,ADR:CNX500:FNO
288,LINDEINDI,LINDEINDIA,,STK,NSE,,INR,,,,1,,4,ADR:CNX500
289,LITL,LITL,,STK,NSE,,INR,,,,1,,4,ADR:CNX500
290,LT,LT,,STK,NSE,,INR,,,,1,,1,ADR:CNX500:NIFTY:FNO
291,LUPIN,LUPIN,,STK,NSE,,INR,,,,1,,1,ADR:CNX500:NIFTY:FNO
292,MM,M&M,,STK,NSE,,INR,,,,1,,1,ADR:CNX500:NIFTY:FNO
293,MMFS,M&MFIN,,STK,NSE,,INR,,,,1,,2,ADR:CNX500:FNO
294,MAGMA,MAGMA,,STK,NSE,,INR,,,,1,,4,ADR:CNX500
295,MAHLIFE,MAHLIFE,,STK,NSE,,INR,,,,1,,4,ADR:CNX500
296,MAHSCOOTE,MAHSCOOTER,,STK,NSE,,INR,,,,1,,4,ADR:CNX500
297,MAHSEAMLE,MAHSEAMLES,,STK,NSE,,INR,,,,1,,4,ADR:CNX500
298,MANDHANA,MANDHANA,,STK,NSE,,INR,,,,1,,4,ADR:CNX500
299,MANGCHEFE,MANGCHEFER,,STK,NSE,,INR,,,,1,,4,ADR:CNX500
300,MARICO,MARICO,,STK,NSE,,INR,,,,1,,4,ADR:CNX500
301,MARKSANS,MARKSANS,,STK,NSE,,INR,,,,1,,4,ADR:CNX500
302,MARUTI,MARUTI,,STK,NSE,,INR,,,,1,,1,ADR:CNX500:NIFTY:FNO
303,MAX,MAX,,STK,NSE,,INR,,,,1,,4,ADR:CNX500
304,MAYURUNIQ,MAYURUNIQ,,STK,NSE,,INR,,,,1,,4,ADR:CNX500
305,MBLINFRA,MBLINFRA,,STK,NSE,,INR,,,,1,,4,ADR:CNX500
306,MCDOWELL-,MCDOWELL-N,,STK,NSE,,INR,,,,1,,2,ADR:CNX500:FNO
307,MCLEODRUS,MCLEODRUSS,,STK,NSE,,INR,,,,1,,4,ADR:CNX500
308,MERCATOR,MERCATOR,,STK,NSE,,INR,,,,1,,4,ADR:CNX500
309,MERCK,MERCK,,STK,NSE,,INR,,,,1,,4,ADR:CNX500
310,MHRIL,MHRIL,,STK,NSE,,INR,,,,1,,4,ADR:CNX500
311,MINDTREE,MINDTREE,,STK,NSE,,INR,,,,1,,2,ADR:CNX500:FNO
312,MMTC,MMTC,,STK,NSE,,INR,,,,1,,4,ADR:CNX500
313,MOIL,MOIL,,STK,NSE,,INR,,,,1,,4,ADR:CNX500
314,MONNETISP,MONNETISPA,,STK,NSE,,INR,,,,1,,4,ADR:CNX500
315,MONSANTO,MONSANTO,,STK,NSE,,INR,,,,1,,4,ADR:CNX500
316,MOTHERSUM,MOTHERSUMI,,STK,NSE,,INR,,,,1,,2,ADR:CNX500:FNO
317,MOTILALOF,MOTILALOFS,,STK,NSE,,INR,,,,1,,4,ADR:CNX500
318,MPHASIS,MPHASIS,,STK,NSE,,INR,,,,1,,4,ADR:CNX500
319,MRF,MRF,,STK,NSE,,INR,,,,1,,2,ADR:CNX500:FNO
320,MRPL,MRPL,,STK,NSE,,INR,,,,1,,4,ADR:CNX500
321,MTEDUCARE,MTEDUCARE,,STK,NSE,,INR,,,,1,,4,ADR:CNX500
322,MUNJALSHO,MUNJALSHOW,,STK,NSE,,INR,,,,1,,4,ADR:CNX500
323,MUTHOOTFI,MUTHOOTFIN,,STK,NSE,,INR,,,,1,,4,ADR:CNX500
324,NATIONALU,NATIONALUM,,STK,NSE,,INR,,,,1,,4,ADR:CNX500
325,NAUKRI,NAUKRI,,STK,NSE,,INR,,,,1,,4,ADR:CNX500
326,NAVNETEDU,NAVNETEDUL,,STK,NSE,,INR,,,,1,,4,ADR:CNX500
327,NBCC,NBCC,,STK,NSE,,INR,,,,1,,4,ADR:CNX500
328,NBVENTURE,NBVENTURES,,STK,NSE,,INR,,,,1,,4,ADR:CNX500
329,NCC,NCC,,STK,NSE,,INR,,,,1,,4,ADR:CNX500
330,NDTV,NDTV,,STK,NSE,,INR,,,,1,,4,ADR:CNX500
331,NETWORK18,NETWORK18,,STK,NSE,,INR,,,,1,,4,ADR:CNX500
332,NEYVELILI,NEYVELILIG,,STK,NSE,,INR,,,,1,,4,ADR:CNX500
333,NHPC,NHPC,,STK,NSE,,INR,,,,1,,2,ADR:CNX500:FNO
334,NIITLTD,NIITLTD,,STK,NSE,,INR,,,,1,,4,ADR:CNX500
335,NIITTECH,NIITTECH,,STK,NSE,,INR,,,,1,,4,ADR:CNX500
336,NITINFIRE,NITINFIRE,,STK,NSE,,INR,,,,1,,4,ADR:CNX500
337,NMDC,NMDC,,STK,NSE,,INR,,,,1,,1,ADR:CNX500:NIFTY:FNO
338,NOCIL,NOCIL,,STK,NSE,,INR,,,,1,,4,ADR:CNX500
339,NOIDATOLL,NOIDATOLL,,STK,NSE,,INR,,,,1,,4,ADR:CNX500
340,NTPC,NTPC,,STK,NSE,,INR,,,,1,,1,ADR:CNX500:NIFTY:FNO
341,OBEROIRLT,OBEROIRLTY,,STK,NSE,,INR,,,,1,,4,ADR:CNX500
342,OFSS,OFSS,,STK,NSE,,INR,,,,1,,2,ADR:CNX500:FNO
343,OIL,OIL,,STK,NSE,,INR,,,,1,,4,ADR:CNX500
344,OMAXE,OMAXE,,STK,NSE,,INR,,,,1,,4,ADR:CNX500
345,ONGC,ONGC,,STK,NSE,,INR,,,,1,,1,ADR:CNX500:NIFTY:FNO
346,OPTOCIRCU,OPTOCIRCUI,,STK,NSE,,INR,,,,1,,4,ADR:CNX500
347,ORCHIDCHE,ORCHIDCHEM,,STK,NSE,,INR,,,,1,,4,ADR:CNX500
348,ORIENTBAN,ORIENTBANK,,STK,NSE,,INR,,,,1,,2,ADR:CNX500:FNO
349,ORISSAMIN,ORISSAMINE,,STK,NSE,,INR,,,,1,,4,ADR:CNX500
350,PAGEIND,PAGEIND,,STK,NSE,,INR,,,,1,,4,ADR:CNX500
351,PARSVNATH,PARSVNATH,,STK,NSE,,INR,,,,1,,4,ADR:CNX500
352,PATELENG,PATELENG,,STK,NSE,,INR,,,,1,,4,ADR:CNX500
353,PEL,PEL,,STK,NSE,,INR,,,,1,,4,ADR:CNX500
354,PENIND,PENIND,,STK,NSE,,INR,,,,1,,4,ADR:CNX500
355,PENINLAND,PENINLAND,,STK,NSE,,INR,,,,1,,4,ADR:CNX500
356,PERSISTEN,PERSISTENT,,STK,NSE,,INR,,,,1,,4,ADR:CNX500
357,PETRONET,PETRONET,,STK,NSE,,INR,,,,1,,2,ADR:CNX500:FNO
358,PFC,PFC,,STK,NSE,,INR,,,,1,,2,ADR:CNX500:FNO
359,PFIZER,PFIZER,,STK,NSE,,INR,,,,1,,4,ADR:CNX500
360,PFS,PFS,,STK,NSE,,INR,,,,1,,4,ADR:CNX500
361,PGHH,PGHH,,STK,NSE,,INR,,,,1,,4,ADR:CNX500
362,PHOENIXLT,PHOENIXLTD,,STK,NSE,,INR,,,,1,,4,ADR:CNX500
363,PIDILITIN,PIDILITIND,,STK,NSE,,INR,,,,1,,4,ADR:CNX500
364,PIIND,PIIND,,STK,NSE,,INR,,,,1,,4,ADR:CNX500
365,PIPAVAVDO,PIPAVAVDOC,,STK,NSE,,INR,,,,1,,4,ADR:CNX500
366,PNB,PNB,,STK,NSE,,INR,,,,1,,1,ADR:CNX500:NIFTY:FNO
367,POWERGRID,POWERGRID,,STK,NSE,,INR,,,,1,,1,ADR:CNX500:NIFTY:FNO
368,PRAJIND,PRAJIND,,STK,NSE,,INR,,,,1,,4,ADR:CNX500
369,PRAKASH,PRAKASH,,STK,NSE,,INR,,,,1,,4,ADR:CNX500
370,PRESTIGE,PRESTIGE,,STK,NSE,,INR,,,,1,,4,ADR:CNX500
371,PRISMCEM,PRISMCEM,,STK,NSE,,INR,,,,1,,4,ADR:CNX500
372,PTC,PTC,,STK,NSE,,INR,,,,1,,2,ADR:CNX500:FNO
373,PUNJLLOYD,PUNJLLOYD,,STK,NSE,,INR,,,,1,,4,ADR:CNX500
374,PURVA,PURVA,,STK,NSE,,INR,,,,1,,4,ADR:CNX500
375,PVR,PVR,,STK,NSE,,INR,,,,1,,4,ADR:CNX500
376,RADICO,RADICO,,STK,NSE,,INR,,,,1,,4,ADR:CNX500
377,RAIN,RAIN,,STK,NSE,,INR,,,,1,,4,ADR:CNX500
378,RAJESHEXP,RAJESHEXPO,,STK,NSE,,INR,,,,1,,4,ADR:CNX500
379,RALLIS,RALLIS,,STK,NSE,,INR,,,,1,,4,ADR:CNX500
380,RAMCOCEM,RAMCOCEM,,STK,NSE,,INR,,,,1,,4,ADR:CNX500
381,RAMCOIND,RAMCOIND,,STK,NSE,,INR,,,,1,,4,ADR:CNX500
382,RASOYPR,RASOYPR,,STK,NSE,,INR,,,,1,,4,ADR:CNX500
383,RATNAMANI,RATNAMANI,,STK,NSE,,INR,,,,1,,4,ADR:CNX500
384,RAYMOND,RAYMOND,,STK,NSE,,INR,,,,1,,4,ADR:CNX500
385,RCF,RCF,,STK,NSE,,INR,,,,1,,4,ADR:CNX500
386,RCOM,RCOM,,STK,NSE,,INR,,,,1,,2,ADR:CNX500:FNO
387,RECLTD,RECLTD,,STK,NSE,,INR,,,,1,,2,ADR:CNX500:FNO
388,REDINGTON,REDINGTON,,STK,NSE,,INR,,,,1,,4,ADR:CNX500
389,RELCAPITA,RELCAPITAL,,STK,NSE,,INR,,,,1,,2,ADR:CNX500:FNO
390,RELIANCE,RELIANCE,,STK,NSE,,INR,,,,1,,1,ADR:CNX500:NIFTY:FNO
391,RELIGARE,RELIGARE,,STK,NSE,,INR,,,,1,,4,ADR:CNX500
392,RELINFRA,RELINFRA,,STK,NSE,,INR,,,,1,,2,ADR:CNX500:FNO
393,RENUKA,RENUKA,,STK,NSE,,INR,,,,1,,4,ADR:CNX500
394,REPCOHOME,REPCOHOME,,STK,NSE,,INR,,,,1,,4,ADR:CNX500
395,RIIL,RIIL,,STK,NSE,,INR,,,,1,,4,ADR:CNX500
396,ROLTA,ROLTA,,STK,NSE,,INR,,,,1,,4,ADR:CNX500
397,RPOWER,RPOWER,,STK,NSE,,INR,,,,1,,2,ADR:CNX500:FNO
398,RTNPOWER,RTNPOWER,,STK,NSE,,INR,,,,1,,4,ADR:CNX500
399,RUCHISOYA,RUCHISOYA,,STK,NSE,,INR,,,,1,,4,ADR:CNX500
400,SADBHAV,SADBHAV,,STK,NSE,,INR,,,,1,,4,ADR:CNX500
401,SAIL,SAIL,,STK,NSE,,INR,,,,1,,2,ADR:CNX500:FNO
402,SANOFI,SANOFI,,STK,NSE,,INR,,,,1,,4,ADR:CNX500
403,SBBJ,SBBJ,,STK,NSE,,INR,,,,1,,4,ADR:CNX500
404,SBIN,SBIN,,STK,NSE,,INR,,,,1,,1,ADR:CNX500:NIFTY:FNO
405,SBT,SBT,,STK,NSE,,INR,,,,1,,4,ADR:CNX500
406,SCI,SCI,,STK,NSE,,INR,,,,1,,4,ADR:CNX500
407,SEINV,SEINV,,STK,NSE,,INR,,,,1,,4,ADR:CNX500
408,SHANTIGEA,SHANTIGEAR,,STK,NSE,,INR,,,,1,,4,ADR:CNX500
409,SHOPERSTO,SHOPERSTOP,,STK,NSE,,INR,,,,1,,4,ADR:CNX500
410,SHREECEM,SHREECEM,,STK,NSE,,INR,,,,1,,4,ADR:CNX500
411,SHRENUJ,SHRENUJ,,STK,NSE,,INR,,,,1,,4,ADR:CNX500
412,SHRIRAMCI,SHRIRAMCIT,,STK,NSE,,INR,,,,1,,4,ADR:CNX500
413,SIEMENS,SIEMENS,,STK,NSE,,INR,,,,1,,2,ADR:CNX500:FNO
414,SIMPLEXIN,SIMPLEXINF,,STK,NSE,,INR,,,,1,,4,ADR:CNX500
415,SINTEX,SINTEX,,STK,NSE,,INR,,,,1,,4,ADR:CNX500
416,SKFINDIA,SKFINDIA,,STK,NSE,,INR,,,,1,,4,ADR:CNX500
417,SKSMICRO,SKSMICRO,,STK,NSE,,INR,,,,1,,2,ADR:CNX500:FNO
418,SOBHA,SOBHA,,STK,NSE,,INR,,,,1,,4,ADR:CNX500
419,SONASTEER,SONASTEER,,STK,NSE,,INR,,,,1,,4,ADR:CNX500
420,SONATSOFT,SONATSOFTW,,STK,NSE,,INR,,,,1,,4,ADR:CNX500
421,SOUTHBANK,SOUTHBANK,,STK,NSE,,INR,,,,1,,4,ADR:CNX500
422,SPARC,SPARC,,STK,NSE,,INR,,,,1,,4,ADR:CNX500
423,SREINFRA,SREINFRA,,STK,NSE,,INR,,,,1,,4,ADR:CNX500
424,SRF,SRF,,STK,NSE,,INR,,,,1,,4,ADR:CNX500
425,SRTRANSFI,SRTRANSFIN,,STK,NSE,,INR,,,,1,,2,ADR:CNX500:FNO
426,STAR,STAR,,STK,NSE,,INR,,,,1,,2,ADR:CNX500:FNO
427,STRTECH,STRTECH,,STK,NSE,,INR,,,,1,,4,ADR:CNX500
428,SUNDARMFI,SUNDARMFIN,,STK,NSE,,INR,,,,1,,4,ADR:CNX500
429,SUNDRMFAS,SUNDRMFAST,,STK,NSE,,INR,,,,1,,4,ADR:CNX500
430,SUNPHARMA,SUNPHARMA,,STK,NSE,,INR,,,,1,,1,ADR:CNX500:NIFTY:FNO
431,SUNTECK,SUNTECK,,STK,NSE,,INR,,,,1,,4,ADR:CNX500
432,SUNTV,SUNTV,,STK,NSE,,INR,,,,1,,2,ADR:CNX500:FNO
433,SUPPETRO,SUPPETRO,,STK,NSE,,INR,,,,1,,4,ADR:CNX500
434,SUPREMEIN,SUPREMEIND,,STK,NSE,,INR,,,,1,,4,ADR:CNX500
435,SUPREMEIN,SUPREMEINF,,STK,NSE,,INR,,,,1,,4,ADR:CNX500
436,SUVEN,SUVEN,,STK,NSE,,INR,,,,1,,4,ADR:CNX500
437,SUZLON,SUZLON,,STK,NSE,,INR,,,,1,,4,ADR:CNX500
438,SWANENERG,SWANENERGY,,STK,NSE,,INR,,,,1,,4,ADR:CNX500
439,SWARAJENG,SWARAJENG,,STK,NSE,,INR,,,,1,,4,ADR:CNX500
440,SYNDIBANK,SYNDIBANK,,STK,NSE,,INR,,,,1,,2,ADR:CNX500:FNO
441,TATACHEM,TATACHEM,,STK,NSE,,INR,,,,1,,2,ADR:CNX500:FNO
442,TCO,TATACOFFEE,,STK,NSE,,INR,,,,1,,4,ADR:CNX500
443,TATACOMM,TATACOMM,,STK,NSE,,INR,,,,1,,2,ADR:CNX500:FNO
444,TATAELXSI,TATAELXSI,,STK,NSE,,INR,,,,1,,4,ADR:CNX500
445,TATAGLOBA,TATAGLOBAL,,STK,NSE,,INR,,,,1,,2,ADR:CNX500:FNO
446,TATAINVES,TATAINVEST,,STK,NSE,,INR,,,,1,,4,ADR:CNX500
447,TATAMOTOR,TATAMOTORS,,STK,NSE,,INR,,,,1,,1,ADR:CNX500:NIFTY:FNO
448,TATAPOWER,TATAPOWER,,STK,NSE,,INR,,,,1,,1,ADR:CNX500:NIFTY:FNO
449,TATASPONG,TATASPONGE,,STK,NSE,,INR,,,,1,,4,ADR:CNX500
450,TATASTEEL,TATASTEEL,,STK,NSE,,INR,,,,1,,1,ADR:CNX500:NIFTY:FNO
451,TBZ,TBZ,,STK,NSE,,INR,,,,1,,4,ADR:CNX500
452,TCS,TCS,,STK,NSE,,INR,,,,1,,1,ADR:CNX500:NIFTY:FNO
453,TDPOWERSY,TDPOWERSYS,,STK,NSE,,INR,,,,1,,4,ADR:CNX500
454,TECHM,TECHM,,STK,NSE,,INR,,,,1,,1,ADR:CNX500:NIFTY:FNO
455,TECHNO,TECHNO,,STK,NSE,,INR,,,,1,,4,ADR:CNX500
456,THERMAX,THERMAX,,STK,NSE,,INR,,,,1,,4,ADR:CNX500
457,THOMASCOO,THOMASCOOK,,STK,NSE,,INR,,,,1,,4,ADR:CNX500
458,TITAN,TITAN,,STK,NSE,,INR,,,,1,,2,ADR:CNX500:FNO
459,TNPL,TNPL,,STK,NSE,,INR,,,,1,,4,ADR:CNX500
460,TORNTPHAR,TORNTPHARM,,STK,NSE,,INR,,,,1,,4,ADR:CNX500
461,TORNTPOWE,TORNTPOWER,,STK,NSE,,INR,,,,1,,4,ADR:CNX500
462,TREEHOUSE,TREEHOUSE,,STK,NSE,,INR,,,,1,,4,ADR:CNX500
463,TRENT,TRENT,,STK,NSE,,INR,,,,1,,4,ADR:CNX500
464,TRIDENT,TRIDENT,,STK,NSE,,INR,,,,1,,4,ADR:CNX500
465,TTKPRESTI,TTKPRESTIG,,STK,NSE,,INR,,,,1,,4,ADR:CNX500
466,TUBEINVES,TUBEINVEST,,STK,NSE,,INR,,,,1,,4,ADR:CNX500
467,TV18BRDCS,TV18BRDCST,,STK,NSE,,INR,,,,1,,4,ADR:CNX500
468,TVSMOTOR,TVSMOTOR,,STK,NSE,,INR,,,,1,,2,ADR:CNX500:FNO
469,TVTODAY,TVTODAY,,STK,NSE,,INR,,,,1,,4,ADR:CNX500
470,UBL,UBL,,STK,NSE,,INR,,,,1,,2,ADR:CNX500:FNO
471,UCOBANK,UCOBANK,,STK,NSE,,INR,,,,1,,2,ADR:CNX500:FNO
472,UFLEX,UFLEX,,STK,NSE,,INR,,,,1,,4,ADR:CNX500
473,ULTRACEMC,ULTRACEMCO,,STK,NSE,,INR,,,,1,,1,ADR:CNX500:NIFTY:FNO
474,UNICHEMLA,UNICHEMLAB,,STK,NSE,,INR,,,,1,,4,ADR:CNX500
475,UNIONBANK,UNIONBANK,,STK,NSE,,INR,,,,1,,2,ADR:CNX500:FNO
476,UNITECH,UNITECH,,STK,NSE,,INR,,,,1,,2,ADR:CNX500:FNO
477,UPL,UPL,,STK,NSE,,INR,,,,1,,2,ADR:CNX500:FNO
478,USHAMART,USHAMART,,STK,NSE,,INR,,,,1,,4,ADR:CNX500
479,UTTAMSTL,UTTAMSTL,,STK,NSE,,INR,,,,1,,4,ADR:CNX500
480,VAIBHAVGB,VAIBHAVGBL,,STK,NSE,,INR,,,,1,,4,ADR:CNX500
481,VAKRANGEE,VAKRANGEE,,STK,NSE,,INR,,,,1,,4,ADR:CNX500
482,VEDL,VEDL,,STK,NSE,,INR,,,,1,,1,ADR:CNX500:NIFTY:FNO
483,VESUVIUS,VESUVIUS,,STK,NSE,,INR,,,,1,,4,ADR:CNX500
484,VIDEOIND,VIDEOIND,,STK,NSE,,INR,,,,1,,4,ADR:CNX500
485,VIJAYABAN,VIJAYABANK,,STK,NSE,,INR,,,,1,,4,ADR:CNX500
486,VINATIORG,VINATIORGA,,STK,NSE,,INR,,,,1,,4,ADR:CNX500
487,VIPIND,VIPIND,,STK,NSE,,INR,,,,1,,4,ADR:CNX500
488,VOLTAS,VOLTAS,,STK,NSE,,INR,,,,1,,2,ADR:CNX500:FNO
489,VSTIND,VSTIND,,STK,NSE,,INR,,,,1,,4,ADR:CNX500
490,VTL,VTL,,STK,NSE,,INR,,,,1,,4,ADR:CNX500
491,WABAG,WABAG,,STK,NSE,,INR,,,,1,,4,ADR:CNX500
492,WABCOINDI,WABCOINDIA,,STK,NSE,,INR,,,,1,,4,ADR:CNX500
493,WELCORP,WELCORP,,STK,NSE,,INR,,,,1,,4,ADR:CNX500
494,WELSPUNIN,WELSPUNIND,,STK,NSE,,INR,,,,1,,4,ADR:CNX500
495,WHEELS,WHEELS,,STK,NSE,,INR,,,,1,,4,ADR:CNX500
496,WHIRLPOOL,WHIRLPOOL,,STK,NSE,,INR,,,,1,,4,ADR:CNX500
497,WIPRO,WIPRO,,STK,NSE,,INR,,,,1,,1,ADR:CNX500:NIFTY:FNO
498,WOCKPHARM,WOCKPHARMA,,STK,NSE,,INR,,,,1,,2,ADR:CNX500:FNO
499,YESBANK,YESBANK,,STK,NSE,,INR,,,,1,,1,ADR:CNX500:NIFTY:FNO
500,ZEEL,ZEEL,,STK,NSE,,INR,,,,1,,1,ADR:CNX500:NIFTY:FNO
501,ZENSARTEC,ZENSARTECH,,STK,NSE,,INR,,,,1,,4,ADR:CNX500
502,ZYDUSWELL,ZYDUSWELL,,STK,NSE,,INR,,,,1,,4,ADR:CNX500
503,ADANIPOWE,ADANIPOWER,,STK,NSE,,INR,,,,1,,4,FNO
504,ARVIND,ARVIND,,STK,NSE,,INR,,,,1,,4,FNO
505,DISHTV,DISHTV,,STK,NSE,,INR,,,,1,,4,FNO
506,TATAMTRDV,TATAMTRDVR,,STK,NSE,,INR,,,,1,,4,FNO
